{
  "name": "cat1_mass_shift_per_env",
  "category": 1,
  "metric": "sampled \u0394m",
  "unit": "kg",
  "baseline": "one sample per (episode, env) \u2014 illustrates DR inter-env diversity",
  "config": {
    "distribution_params": {
      "low": -0.05,
      "high": 0.1
    },
    "bounds": [
      -0.5,
      1.0
    ],
    "nominal": 0.0,
    "n_envs": 16,
    "n_episodes": 30,
    "curriculum_scale": 1.0
  },
  "hardware": {
    "cpu": "Apple M4 Pro",
    "arch": "arm64",
    "cpu_count": 14,
    "torch_num_threads": 10,
    "memory_gb": 48.0,
    "os": "Darwin",
    "os_release": "25.4.0",
    "hostname": "PLE-TOLGUENEC-MAC",
    "python_version": "3.11.13",
    "torch_version": "2.10.0",
    "genesis_version": "0.4.0",
    "backend": "cpu",
    "git_sha": "cc4e4a7dfca5d24c2b0b5e542557561eee5d2ca5",
    "git_dirty": true,
    "date_utc": "2026-04-14T21:08:41+00:00"
  },
  "stats": {
    "env_0": {
      "n": 30,
      "median": 0.049230266362428665,
      "mean": 0.03875567014911212,
      "stdev": 0.04380193801231932,
      "q1": 0.010763951810076833,
      "q3": 0.06943346373736858,
      "iqr": 0.05866951192729175,
      "min": -0.04463547468185425,
      "max": 0.09969132393598557
    },
    "env_1": {
      "n": 30,
      "median": 0.04861833155155182,
      "mean": 0.03829224167857319,
      "stdev": 0.045911931210099864,
      "q1": 0.0021902634180150926,
      "q3": 0.07800145260989666,
      "iqr": 0.07581118919188157,
      "min": -0.04614727571606636,
      "max": 0.09461458772420883
    },
    "env_2": {
      "n": 30,
      "median": 0.03657359257340431,
      "mean": 0.02811146331951022,
      "stdev": 0.038320278441475446,
      "q1": -0.006189956970047206,
      "q3": 0.055310710333287716,
      "iqr": 0.06150066730333492,
      "min": -0.049665000289678574,
      "max": 0.0898054763674736
    },
    "env_3": {
      "n": 30,
      "median": 0.026444818824529648,
      "mean": 0.022350381377812787,
      "stdev": 0.043497281916824275,
      "q1": -0.017150522442534566,
      "q3": 0.05398252513259649,
      "iqr": 0.07113304757513106,
      "min": -0.044470082968473434,
      "max": 0.09811375290155411
    },
    "env_4": {
      "n": 30,
      "median": 0.035348474979400635,
      "mean": 0.033579227436954774,
      "stdev": 0.049455046928534876,
      "q1": -0.0048704263754189014,
      "q3": 0.08121252246201038,
      "iqr": 0.08608294883742929,
      "min": -0.04383344203233719,
      "max": 0.09977217018604279
    },
    "env_5": {
      "n": 30,
      "median": 0.02112233266234398,
      "mean": 0.03248061842750758,
      "stdev": 0.043179159700864764,
      "q1": -0.0006901431479491293,
      "q3": 0.07544882409274578,
      "iqr": 0.07613896724069491,
      "min": -0.042621269822120667,
      "max": 0.09452670812606812
    },
    "env_6": {
      "n": 30,
      "median": 0.013452493119984865,
      "mean": 0.015093663095224958,
      "stdev": 0.03784228098551266,
      "q1": -0.006977976765483618,
      "q3": 0.03249444533139467,
      "iqr": 0.03947242209687829,
      "min": -0.046409282833337784,
      "max": 0.09379259496927261
    },
    "env_7": {
      "n": 30,
      "median": 0.02932348195463419,
      "mean": 0.029074663325445727,
      "stdev": 0.04522211235655187,
      "q1": -0.004067317073349841,
      "q3": 0.07229561917483807,
      "iqr": 0.07636293624818791,
      "min": -0.048084769397974014,
      "max": 0.0898263156414032
    },
    "env_8": {
      "n": 30,
      "median": 0.0008172316192940343,
      "mean": 0.012926788536181752,
      "stdev": 0.04605505821128993,
      "q1": -0.023341926280409098,
      "q3": 0.05125441309064627,
      "iqr": 0.07459633937105536,
      "min": -0.04849858209490776,
      "max": 0.09896399080753326
    },
    "env_9": {
      "n": 30,
      "median": 0.02726833801716566,
      "mean": 0.029282385064288975,
      "stdev": 0.045713201675559784,
      "q1": -0.001703450339846313,
      "q3": 0.06662057526409626,
      "iqr": 0.06832402560394257,
      "min": -0.049470819532871246,
      "max": 0.09184809774160385
    },
    "env_10": {
      "n": 30,
      "median": 0.006906056373281899,
      "mean": 0.006836902385384746,
      "stdev": 0.03883914637396542,
      "q1": -0.026257465593516827,
      "q3": 0.03898575343191624,
      "iqr": 0.06524321902543306,
      "min": -0.049647487699985504,
      "max": 0.07677273452281952
    },
    "env_11": {
      "n": 30,
      "median": 0.0354738961905241,
      "mean": 0.024586871592327954,
      "stdev": 0.04300672947810974,
      "q1": -0.011797289596870542,
      "q3": 0.05218011513352394,
      "iqr": 0.06397740473039448,
      "min": -0.04687509313225746,
      "max": 0.09690704941749573
    },
    "env_12": {
      "n": 30,
      "median": 0.009992622304707766,
      "mean": 0.02299483206588775,
      "stdev": 0.045777745545326674,
      "q1": -0.011289737187325954,
      "q3": 0.06712859030812979,
      "iqr": 0.07841832749545574,
      "min": -0.04253784567117691,
      "max": 0.09769883751869202
    },
    "env_13": {
      "n": 30,
      "median": 0.015624464955180883,
      "mean": 0.017286718202133972,
      "stdev": 0.040563935328923405,
      "q1": -0.022554277908056974,
      "q3": 0.05410907603800297,
      "iqr": 0.07666335394605994,
      "min": -0.04339080676436424,
      "max": 0.09182905405759811
    },
    "env_14": {
      "n": 30,
      "median": 0.024352150969207287,
      "mean": 0.02285464423087736,
      "stdev": 0.04598646017923712,
      "q1": -0.020923033822327852,
      "q3": 0.06244575697928667,
      "iqr": 0.08336879080161452,
      "min": -0.04975837096571922,
      "max": 0.09878133982419968
    },
    "env_15": {
      "n": 30,
      "median": 0.01851604785770178,
      "mean": 0.02679409091360867,
      "stdev": 0.04840170808968891,
      "q1": -0.015462917042896152,
      "q3": 0.0747783500701189,
      "iqr": 0.09024126711301506,
      "min": -0.04363089054822922,
      "max": 0.09964939206838608
    },
    "all": {
      "n": 480,
      "median": 0.02363509312272072,
      "mean": 0.025081322612552033,
      "stdev": 0.04413578494024122,
      "q1": -0.013476345920935273,
      "q3": 0.06528773717582226,
      "iqr": 0.07876408309675753,
      "min": -0.04975837096571922,
      "max": 0.09977217018604279
    }
  },
  "stats_method": "inclusive (Tukey quartiles, numpy-compatible for n>=2)",
  "csv_rows": 480
}
