{
  "name": "cat1_ground_effect_perf",
  "category": 1,
  "metric": "overhead",
  "unit": "%",
  "baseline": "scene.step() only \u2014 no tick/apply call",
  "config": {
    "n_envs_range": [
      1,
      4,
      16,
      64,
      128
    ],
    "warmup": 30,
    "rounds": 5,
    "steps_per_round": 100,
    "reset_every": 20,
    "genesis_backend": "cpu",
    "drone_urdf": "urdf/drones/cf2x.urdf",
    "dt_s": 0.005,
    "apply_kind": "physics"
  },
  "hardware": {
    "cpu": "Apple M4 Pro",
    "arch": "arm64",
    "cpu_count": 14,
    "torch_num_threads": 10,
    "memory_gb": 48.0,
    "os": "Darwin",
    "os_release": "25.4.0",
    "hostname": "PLE-TOLGUENEC-MAC",
    "python_version": "3.11.13",
    "torch_version": "2.10.0",
    "genesis_version": "0.4.0",
    "backend": "cpu",
    "git_sha": "9d57b0f1c87c4c07bd7dfbe780afd8c563c31d29",
    "git_dirty": true,
    "date_utc": "2026-04-17T10:09:50+00:00"
  },
  "stats": {
    "n_envs_1": {
      "n": 5,
      "median": 102.14846048051815,
      "mean": 101.8545431276016,
      "stdev": 8.547773412390233,
      "q1": 93.37894333368567,
      "q3": 110.22100622867026,
      "iqr": 16.842062894984593,
      "min": 93.09264401120608,
      "max": 110.43166158392783
    },
    "n_envs_4": {
      "n": 5,
      "median": 110.78400075230648,
      "mean": 106.58404022591773,
      "stdev": 7.334426686636763,
      "q1": 100.64346269782625,
      "q3": 111.43034894419446,
      "iqr": 10.786886246368212,
      "min": 96.84780384829018,
      "max": 113.2145848869713
    },
    "n_envs_16": {
      "n": 5,
      "median": 104.10883594850797,
      "mean": 99.70447668958377,
      "stdev": 8.257694726182471,
      "q1": 99.19404563902629,
      "q3": 104.19239634465146,
      "iqr": 4.998350705625171,
      "min": 85.56794923693785,
      "max": 105.45915627879532
    },
    "n_envs_64": {
      "n": 5,
      "median": 76.0156620389508,
      "mean": 77.72649125767592,
      "stdev": 6.608534497071619,
      "q1": 73.78737926387272,
      "q3": 79.19989736318993,
      "iqr": 5.412518099317211,
      "min": 71.28965691798707,
      "max": 88.33986070437903
    },
    "n_envs_128": {
      "n": 5,
      "median": 60.98746019899889,
      "mean": 61.53530949746145,
      "stdev": 5.182745495526669,
      "q1": 57.64581846082588,
      "q3": 61.75007322286308,
      "iqr": 4.1042547620372005,
      "min": 57.202456120224056,
      "max": 70.09073948439534
    }
  },
  "stats_method": "inclusive (Tukey quartiles, numpy-compatible for n>=2)",
  "csv_rows": 25
}
