{
  "name": "cat1_mass_shift_curriculum",
  "category": 1,
  "metric": "sampled \u0394m",
  "unit": "kg",
  "baseline": "curriculum_scale = 0.0 collapses all samples to nominal",
  "config": {
    "distribution": "uniform",
    "distribution_params": {
      "low": -0.05,
      "high": 0.1
    },
    "bounds": [
      -0.5,
      1.0
    ],
    "nominal": 0.0,
    "n_envs": 256,
    "n_draws_per_env": 40,
    "curriculum_scales": [
      0.0,
      0.25,
      0.5,
      0.75,
      1.0
    ]
  },
  "hardware": {
    "cpu": "Apple M4 Pro",
    "arch": "arm64",
    "cpu_count": 14,
    "torch_num_threads": 10,
    "memory_gb": 48.0,
    "os": "Darwin",
    "os_release": "25.4.0",
    "hostname": "PLE-TOLGUENEC-MAC",
    "python_version": "3.11.13",
    "torch_version": "2.10.0",
    "genesis_version": "0.4.0",
    "backend": "cpu",
    "git_sha": "cc4e4a7dfca5d24c2b0b5e542557561eee5d2ca5",
    "git_dirty": true,
    "date_utc": "2026-04-14T21:08:41+00:00"
  },
  "stats": {
    "0.00": {
      "n": 10240,
      "median": 0.0,
      "mean": 0.0,
      "stdev": 0.0,
      "q1": 0.0,
      "q3": 0.0,
      "iqr": 0.0,
      "min": 0.0,
      "max": 0.0
    },
    "0.25": {
      "n": 10240,
      "median": 0.006253628293052316,
      "mean": 0.006283459987279816,
      "stdev": 0.010875319221371632,
      "q1": -0.0031143955420702696,
      "q3": 0.015884979162365198,
      "iqr": 0.018999374704435468,
      "min": -0.012497177347540855,
      "max": 0.02499578706920147
    },
    "0.50": {
      "n": 10240,
      "median": 0.012578022200614214,
      "mean": 0.012535071183493595,
      "stdev": 0.021631998293340626,
      "q1": -0.006149881519377232,
      "q3": 0.03104375721886754,
      "iqr": 0.03719363873824477,
      "min": -0.024994265288114548,
      "max": 0.049980007112026215
    },
    "0.75": {
      "n": 10240,
      "median": 0.0189046710729599,
      "mean": 0.01906152107228549,
      "stdev": 0.03269327660459614,
      "q1": -0.009406024357303977,
      "q3": 0.04732664115726948,
      "iqr": 0.056732665514573455,
      "min": -0.03749328851699829,
      "max": 0.0749979093670845
    },
    "1.00": {
      "n": 10240,
      "median": 0.02533365972340107,
      "mean": 0.02518602082149677,
      "stdev": 0.043483043870256775,
      "q1": -0.012931881938129663,
      "q3": 0.06332735903561115,
      "iqr": 0.07625924097374082,
      "min": -0.04999544844031334,
      "max": 0.0999966636300087
    }
  },
  "stats_method": "inclusive (Tukey quartiles, numpy-compatible for n>=2)",
  "csv_rows": 51200
}
