{
  "name": "cat1_com_shift_curriculum",
  "category": 1,
  "metric": "\u2016\u0394CoM\u2016\u2082 distribution",
  "unit": "m",
  "baseline": "curriculum_scale=0 \u2192 nominal (m)",
  "config": {
    "n_envs": 256,
    "draws_per_env": 40,
    "curriculum_scales": [
      0.0,
      0.25,
      0.5,
      0.75,
      1.0
    ]
  },
  "hardware": {
    "cpu": "Apple M4 Pro",
    "arch": "arm64",
    "cpu_count": 14,
    "torch_num_threads": 10,
    "memory_gb": 48.0,
    "os": "Darwin",
    "os_release": "25.4.0",
    "hostname": "PLE-TOLGUENEC-MAC",
    "python_version": "3.11.13",
    "torch_version": "2.10.0",
    "genesis_version": "0.4.0",
    "backend": "cpu",
    "git_sha": "7929fc2ea4cad99a5309d245bffd67965b94ad5f",
    "git_dirty": true,
    "date_utc": "2026-04-16T11:28:10+00:00"
  },
  "stats": {
    "0.00": {
      "n": 10240,
      "median": 0.0,
      "mean": 0.0,
      "stdev": 0.0,
      "q1": 0.0,
      "q3": 0.0,
      "iqr": 0.0,
      "min": 0.0,
      "max": 0.0
    },
    "0.25": {
      "n": 10240,
      "median": 0.00494189141318202,
      "mean": 0.004821211183295304,
      "stdev": 0.001383410923447521,
      "q1": 0.003940555616281927,
      "q3": 0.005820280290208757,
      "iqr": 0.0018797246739268303,
      "min": 0.0002466503356117755,
      "max": 0.008383327163755894
    },
    "0.50": {
      "n": 10240,
      "median": 0.00983760366216302,
      "mean": 0.00960255890896633,
      "stdev": 0.0027945049853226123,
      "q1": 0.007781516527757049,
      "q3": 0.011626449646428227,
      "iqr": 0.003844933118671179,
      "min": 0.0006405483582057059,
      "max": 0.01666823960840702
    },
    "0.75": {
      "n": 10240,
      "median": 0.014828892890363932,
      "mean": 0.014459681526096802,
      "stdev": 0.004147437981582759,
      "q1": 0.011798272142186761,
      "q3": 0.017439028713852167,
      "iqr": 0.005640756571665406,
      "min": 0.0007480272906832397,
      "max": 0.02525152824819088
    },
    "1.00": {
      "n": 10240,
      "median": 0.01962436456233263,
      "mean": 0.0191751750351159,
      "stdev": 0.005531227776224678,
      "q1": 0.01564810983836651,
      "q3": 0.023109099827706814,
      "iqr": 0.007460989989340305,
      "min": 0.0015376060036942363,
      "max": 0.03383474051952362
    }
  },
  "stats_method": "inclusive (Tukey quartiles, numpy-compatible for n>=2)",
  "csv_rows": 51200
}
