{
  "name": "cat1_chassis_geometry_asymmetry_curriculum",
  "category": 1,
  "metric": "arm deviation (arm 0) distribution",
  "unit": "m",
  "baseline": "curriculum_scale=0 \u2192 nominal (m)",
  "config": {
    "n_envs": 256,
    "draws_per_env": 40,
    "curriculum_scales": [
      0.0,
      0.25,
      0.5,
      0.75,
      1.0
    ]
  },
  "hardware": {
    "cpu": "Apple M4 Pro",
    "arch": "arm64",
    "cpu_count": 14,
    "torch_num_threads": 10,
    "memory_gb": 48.0,
    "os": "Darwin",
    "os_release": "25.4.0",
    "hostname": "PLE-TOLGUENEC-MAC",
    "python_version": "3.11.13",
    "torch_version": "2.10.0",
    "genesis_version": "0.4.0",
    "backend": "cpu",
    "git_sha": "7929fc2ea4cad99a5309d245bffd67965b94ad5f",
    "git_dirty": true,
    "date_utc": "2026-04-16T11:28:10+00:00"
  },
  "stats": {
    "0.00": {
      "n": 10240,
      "median": 0.0,
      "mean": 0.0,
      "stdev": 0.0,
      "q1": 0.0,
      "q3": 0.0,
      "iqr": 0.0,
      "min": 0.0,
      "max": 0.0
    },
    "0.25": {
      "n": 10240,
      "median": 0.00016122683882713318,
      "mean": 9.705313267515669e-05,
      "stdev": 0.007243932638453205,
      "q1": -0.006230155471712351,
      "q3": 0.006443618796765804,
      "iqr": 0.012673774268478155,
      "min": -0.012493073008954525,
      "max": 0.012499441392719746
    },
    "0.50": {
      "n": 10240,
      "median": -3.355592525622342e-05,
      "mean": -4.876223307473948e-05,
      "stdev": 0.014377584133570378,
      "q1": -0.012540171388536692,
      "q3": 0.012175217270851135,
      "iqr": 0.024715388659387827,
      "min": -0.024995004758238792,
      "max": 0.02497628889977932
    },
    "0.75": {
      "n": 10240,
      "median": 0.0004399627650855109,
      "mean": 7.563398134173838e-05,
      "stdev": 0.0215399092828171,
      "q1": -0.018444457091391087,
      "q3": 0.018512067385017872,
      "iqr": 0.03695652447640896,
      "min": -0.03749481588602066,
      "max": 0.037491753697395325
    },
    "1.00": {
      "n": 10240,
      "median": 0.0006016165134496987,
      "mean": 1.0350249591173366e-05,
      "stdev": 0.02868901914660538,
      "q1": -0.025076664984226227,
      "q3": 0.0245729754678905,
      "iqr": 0.04964964045211673,
      "min": -0.049991752952337265,
      "max": 0.04998661205172539
    }
  },
  "stats_method": "inclusive (Tukey quartiles, numpy-compatible for n>=2)",
  "csv_rows": 51200
}
