{
  "name": "cat1_motor_armature_curriculum",
  "category": 1,
  "metric": "armature ratio distribution",
  "unit": "ratio",
  "baseline": "curriculum_scale=0 \u2192 nominal (ratio)",
  "config": {
    "n_envs": 256,
    "draws_per_env": 40,
    "curriculum_scales": [
      0.0,
      0.25,
      0.5,
      0.75,
      1.0
    ]
  },
  "hardware": {
    "cpu": "Apple M4 Pro",
    "arch": "arm64",
    "cpu_count": 14,
    "torch_num_threads": 10,
    "memory_gb": 48.0,
    "os": "Darwin",
    "os_release": "25.4.0",
    "hostname": "PLE-TOLGUENEC-MAC",
    "python_version": "3.11.13",
    "torch_version": "2.10.0",
    "genesis_version": "0.4.0",
    "backend": "cpu",
    "git_sha": "7929fc2ea4cad99a5309d245bffd67965b94ad5f",
    "git_dirty": true,
    "date_utc": "2026-04-16T11:28:10+00:00"
  },
  "stats": {
    "0.00": {
      "n": 10240,
      "median": 1.0,
      "mean": 1.0,
      "stdev": 0.0,
      "q1": 1.0,
      "q3": 1.0,
      "iqr": 0.0,
      "min": 1.0,
      "max": 1.0
    },
    "0.25": {
      "n": 10240,
      "median": 1.0000144839286804,
      "mean": 1.0001338304020464,
      "stdev": 0.0435012725811162,
      "q1": 0.9625424295663834,
      "q3": 1.0385399460792542,
      "iqr": 0.07599751651287079,
      "min": 0.9250112771987915,
      "max": 1.0749831199645996
    },
    "0.50": {
      "n": 10240,
      "median": 1.0003120303153992,
      "mean": 1.0001402655150742,
      "stdev": 0.08652798459514356,
      "q1": 0.9254004955291748,
      "q3": 1.0741750299930573,
      "iqr": 0.14877453446388245,
      "min": 0.8500229120254517,
      "max": 1.1499199867248535
    },
    "0.75": {
      "n": 10240,
      "median": 1.0006186366081238,
      "mean": 1.0012460561003536,
      "stdev": 0.1307730942463789,
      "q1": 0.8873758763074875,
      "q3": 1.1143065392971039,
      "iqr": 0.2269306629896164,
      "min": 0.7750268578529358,
      "max": 1.2249915599822998
    },
    "1.00": {
      "n": 10240,
      "median": 1.0013346076011658,
      "mean": 1.0007440457702614,
      "stdev": 0.17393215852178792,
      "q1": 0.8482724279165268,
      "q3": 1.1533093452453613,
      "iqr": 0.30503691732883453,
      "min": 0.7000181674957275,
      "max": 1.2999866008758545
    }
  },
  "stats_method": "inclusive (Tukey quartiles, numpy-compatible for n>=2)",
  "csv_rows": 51200
}
