{
  "name": "cat1_propeller_blade_damage_curriculum",
  "category": 1,
  "metric": "blade efficiency (prop 0) distribution",
  "unit": "ratio",
  "baseline": "curriculum_scale=0 \u2192 nominal (ratio)",
  "config": {
    "n_envs": 256,
    "draws_per_env": 40,
    "curriculum_scales": [
      0.0,
      0.25,
      0.5,
      0.75,
      1.0
    ]
  },
  "hardware": {
    "cpu": "Apple M4 Pro",
    "arch": "arm64",
    "cpu_count": 14,
    "torch_num_threads": 10,
    "memory_gb": 48.0,
    "os": "Darwin",
    "os_release": "25.4.0",
    "hostname": "PLE-TOLGUENEC-MAC",
    "python_version": "3.11.13",
    "torch_version": "2.10.0",
    "genesis_version": "0.4.0",
    "backend": "cpu",
    "git_sha": "7929fc2ea4cad99a5309d245bffd67965b94ad5f",
    "git_dirty": true,
    "date_utc": "2026-04-16T11:28:10+00:00"
  },
  "stats": {
    "0.00": {
      "n": 10240,
      "median": 1.0,
      "mean": 1.0,
      "stdev": 0.0,
      "q1": 1.0,
      "q3": 1.0,
      "iqr": 0.0,
      "min": 1.0,
      "max": 1.0
    },
    "0.25": {
      "n": 10240,
      "median": 0.9383061528205872,
      "mean": 0.9379852659069001,
      "stdev": 0.03621966253903053,
      "q1": 0.9063491970300674,
      "q3": 0.9697180688381195,
      "iqr": 0.06336887180805206,
      "min": 0.8750346302986145,
      "max": 0.9999971985816956
    },
    "0.50": {
      "n": 10240,
      "median": 0.8748322129249573,
      "mean": 0.8747561889875215,
      "stdev": 0.07188791961162279,
      "q1": 0.8122991472482681,
      "q3": 0.9358761012554169,
      "iqr": 0.12357695400714874,
      "min": 0.7500249743461609,
      "max": 0.9998814463615417
    },
    "0.75": {
      "n": 10240,
      "median": 0.814699798822403,
      "mean": 0.8128781694336794,
      "stdev": 0.10769954420163268,
      "q1": 0.720277726650238,
      "q3": 0.905060350894928,
      "iqr": 0.18478262424468994,
      "min": 0.6250259280204773,
      "max": 0.9999587535858154
    },
    "1.00": {
      "n": 10240,
      "median": 0.7530080676078796,
      "mean": 0.7500517512322403,
      "stdev": 0.14344509307035966,
      "q1": 0.6246166825294495,
      "q3": 0.8728648722171783,
      "iqr": 0.24824818968772888,
      "min": 0.5000412464141846,
      "max": 0.9999330639839172
    }
  },
  "stats_method": "inclusive (Tukey quartiles, numpy-compatible for n>=2)",
  "csv_rows": 51200
}
