{
  "name": "cat1_mass_shift_perf",
  "category": 1,
  "metric": "overhead",
  "unit": "%",
  "baseline": "scene.step() only \u2014 no tick/apply call",
  "config": {
    "n_envs_range": [
      1,
      4,
      16,
      64,
      128
    ],
    "warmup": 30,
    "rounds": 5,
    "steps_per_round": 100,
    "reset_every": 20,
    "genesis_backend": "cpu",
    "drone_urdf": "urdf/drones/cf2x.urdf",
    "dt_s": 0.005,
    "apply_kind": "physics"
  },
  "hardware": {
    "cpu": "Apple M4 Pro",
    "arch": "arm64",
    "cpu_count": 14,
    "torch_num_threads": 10,
    "memory_gb": 48.0,
    "os": "Darwin",
    "os_release": "25.4.0",
    "hostname": "PLE-TOLGUENEC-MAC",
    "python_version": "3.11.13",
    "torch_version": "2.10.0",
    "genesis_version": "0.4.0",
    "backend": "cpu",
    "git_sha": "9d57b0f1c87c4c07bd7dfbe780afd8c563c31d29",
    "git_dirty": true,
    "date_utc": "2026-04-17T10:09:50+00:00"
  },
  "stats": {
    "n_envs_1": {
      "n": 5,
      "median": 3.5806520981613907,
      "mean": 2.108157827161977,
      "stdev": 5.478864441566815,
      "q1": -0.9388468372566187,
      "q3": 5.902388339689884,
      "iqr": 6.841235176946503,
      "min": -5.7751644780744416,
      "max": 7.77176001328967
    },
    "n_envs_4": {
      "n": 5,
      "median": 2.2740019802957567,
      "mean": 2.003794040396751,
      "stdev": 2.0132333702745346,
      "q1": 1.8369093132587722,
      "q3": 3.517895422961644,
      "iqr": 1.680986109702872,
      "min": -1.3060217549591713,
      "max": 3.6961852404267526
    },
    "n_envs_16": {
      "n": 5,
      "median": 3.1026268224543334,
      "mean": 4.275927070424474,
      "stdev": 5.396548701582889,
      "q1": -0.6053480970403793,
      "q3": 8.68303142482075,
      "iqr": 9.28837952186113,
      "min": -0.8378377814902369,
      "max": 11.037162983377899
    },
    "n_envs_64": {
      "n": 5,
      "median": 3.111191122856185,
      "mean": 4.701984069101966,
      "stdev": 7.444379251468845,
      "q1": -0.047820092682222926,
      "q3": 7.292840831573782,
      "iqr": 7.340660924256005,
      "min": -2.984553941343655,
      "max": 16.13826242510574
    },
    "n_envs_128": {
      "n": 5,
      "median": 1.364264690918277,
      "mean": 3.712357708692619,
      "stdev": 4.756483830237871,
      "q1": 0.768982753373742,
      "q3": 7.946626305852472,
      "iqr": 7.17764355247873,
      "min": -1.1363881821745174,
      "max": 9.618302975493123
    }
  },
  "stats_method": "inclusive (Tukey quartiles, numpy-compatible for n>=2)",
  "csv_rows": 25
}
