{
  "name": "cat1_mass_shift_perf",
  "category": 1,
  "metric": "overhead",
  "unit": "%",
  "baseline": "scene.step() only \u2014 no tick/apply call",
  "config": {
    "n_envs_range": [
      1,
      4,
      16,
      64,
      128
    ],
    "warmup": 30,
    "rounds": 5,
    "steps_per_round": 100,
    "reset_every": 20,
    "genesis_backend": "cpu",
    "drone_urdf": "urdf/drones/cf2x.urdf",
    "dt_s": 0.005
  },
  "hardware": {
    "cpu": "Apple M4 Pro",
    "arch": "arm64",
    "os": "Darwin",
    "os_release": "25.4.0",
    "hostname": "PLE-TOLGUENEC-MAC",
    "python_version": "3.11.13",
    "torch_version": "2.10.0",
    "genesis_version": "0.4.0",
    "backend": "cpu",
    "git_sha": "cc4e4a7dfca5d24c2b0b5e542557561eee5d2ca5",
    "git_dirty": true,
    "date_utc": "2026-04-14T20:59:15+00:00"
  },
  "stats": {
    "n_envs_1": {
      "n": 5,
      "median": 1.935467905106415,
      "mean": 2.226350287276727,
      "stdev": 1.425787138562212,
      "q1": 1.8380314110387899,
      "q3": 2.9779156723792473,
      "iqr": 1.1398842613404574,
      "min": 0.27593170033101866,
      "max": 4.104404747528164
    },
    "n_envs_4": {
      "n": 5,
      "median": 0.5758688375853158,
      "mean": 0.20518065363516041,
      "stdev": 0.9732616278841676,
      "q1": -0.6306474163436142,
      "q3": 0.9637605448786465,
      "iqr": 1.5944079612222608,
      "min": -1.0219183387793274,
      "max": 1.1388396408347812
    },
    "n_envs_16": {
      "n": 5,
      "median": 0.5247758542475379,
      "mean": 0.07018675179572526,
      "stdev": 1.5834053913923845,
      "q1": -0.08868383085190672,
      "q3": 0.6965685743881432,
      "iqr": 0.7852524052400499,
      "min": -2.5097441040406894,
      "max": 1.7280172652355412
    },
    "n_envs_64": {
      "n": 5,
      "median": 1.7665112998717654,
      "mean": 1.5015132014217447,
      "stdev": 2.1453819662352345,
      "q1": 1.6273644139518497,
      "q3": 2.406784984712328,
      "iqr": 0.7794205707604784,
      "min": -2.0331639341422805,
      "max": 3.7400692427150615
    },
    "n_envs_128": {
      "n": 5,
      "median": 1.517186581060053,
      "mean": 1.8718272147979373,
      "stdev": 0.8617139873631628,
      "q1": 1.508943449256638,
      "q3": 2.715570275905995,
      "iqr": 1.206626826649357,
      "min": 0.8104991079598772,
      "max": 2.806936659807123
    }
  },
  "csv_rows": 25
}
