{
  "name": "cat1_joint_damping_curriculum",
  "category": 1,
  "metric": "damping ratio distribution",
  "unit": "ratio",
  "baseline": "curriculum_scale=0 \u2192 nominal (ratio)",
  "config": {
    "n_envs": 256,
    "draws_per_env": 40,
    "curriculum_scales": [
      0.0,
      0.25,
      0.5,
      0.75,
      1.0
    ]
  },
  "hardware": {
    "cpu": "Apple M4 Pro",
    "arch": "arm64",
    "cpu_count": 14,
    "torch_num_threads": 10,
    "memory_gb": 48.0,
    "os": "Darwin",
    "os_release": "25.4.0",
    "hostname": "PLE-TOLGUENEC-MAC",
    "python_version": "3.11.13",
    "torch_version": "2.10.0",
    "genesis_version": "0.4.0",
    "backend": "cpu",
    "git_sha": "7929fc2ea4cad99a5309d245bffd67965b94ad5f",
    "git_dirty": true,
    "date_utc": "2026-04-16T11:28:10+00:00"
  },
  "stats": {
    "0.00": {
      "n": 10240,
      "median": 1.0,
      "mean": 1.0,
      "stdev": 0.0,
      "q1": 1.0,
      "q3": 1.0,
      "iqr": 0.0,
      "min": 1.0,
      "max": 1.0
    },
    "0.25": {
      "n": 10240,
      "median": 1.0625362396240234,
      "mean": 1.0628345942648594,
      "stdev": 0.10875318759094695,
      "q1": 0.9688560664653778,
      "q3": 1.1588497757911682,
      "iqr": 0.1899937093257904,
      "min": 0.8750282526016235,
      "max": 1.249957799911499
    },
    "0.50": {
      "n": 10240,
      "median": 1.1257802248001099,
      "mean": 1.125350700475974,
      "stdev": 0.21631997426028973,
      "q1": 0.9385011792182922,
      "q3": 1.3104375004768372,
      "iqr": 0.3719363212585449,
      "min": 0.7500573396682739,
      "max": 1.4997999668121338
    },
    "0.75": {
      "n": 10240,
      "median": 1.1890466809272766,
      "mean": 1.1906151945353485,
      "stdev": 0.3269327545102348,
      "q1": 0.9059397578239441,
      "q3": 1.473266363143921,
      "iqr": 0.5673266053199768,
      "min": 0.6250671148300171,
      "max": 1.749979019165039
    },
    "1.00": {
      "n": 10240,
      "median": 1.2533365488052368,
      "mean": 1.2518601856019813,
      "stdev": 0.43483042168809916,
      "q1": 0.8706811666488647,
      "q3": 1.6332735419273376,
      "iqr": 0.7625923752784729,
      "min": 0.5000455379486084,
      "max": 1.9999666213989258
    }
  },
  "stats_method": "inclusive (Tukey quartiles, numpy-compatible for n>=2)",
  "csv_rows": 51200
}
