{
  "name": "cat1_friction_ratio_curriculum",
  "category": 1,
  "metric": "friction ratio distribution",
  "unit": "ratio",
  "baseline": "curriculum_scale=0 \u2192 nominal (ratio)",
  "config": {
    "n_envs": 256,
    "draws_per_env": 40,
    "curriculum_scales": [
      0.0,
      0.25,
      0.5,
      0.75,
      1.0
    ]
  },
  "hardware": {
    "cpu": "Apple M4 Pro",
    "arch": "arm64",
    "cpu_count": 14,
    "torch_num_threads": 10,
    "memory_gb": 48.0,
    "os": "Darwin",
    "os_release": "25.4.0",
    "hostname": "PLE-TOLGUENEC-MAC",
    "python_version": "3.11.13",
    "torch_version": "2.10.0",
    "genesis_version": "0.4.0",
    "backend": "cpu",
    "git_sha": "7929fc2ea4cad99a5309d245bffd67965b94ad5f",
    "git_dirty": true,
    "date_utc": "2026-04-16T11:28:10+00:00"
  },
  "stats": {
    "0.00": {
      "n": 10240,
      "median": 1.0,
      "mean": 1.0,
      "stdev": 0.0,
      "q1": 1.0,
      "q3": 1.0,
      "iqr": 0.0,
      "min": 1.0,
      "max": 1.0
    },
    "0.25": {
      "n": 10240,
      "median": 1.0000241994857788,
      "mean": 1.000223063217709,
      "stdev": 0.07250212558328269,
      "q1": 0.9375706911087036,
      "q3": 1.0642331838607788,
      "iqr": 0.1266624927520752,
      "min": 0.875018835067749,
      "max": 1.124971866607666
    },
    "0.50": {
      "n": 10240,
      "median": 1.00052011013031,
      "mean": 1.0002338008780498,
      "stdev": 0.1442133165504965,
      "q1": 0.8756674528121948,
      "q3": 1.1236250400543213,
      "iqr": 0.24795758724212646,
      "min": 0.7500382661819458,
      "max": 1.2498667240142822
    },
    "0.75": {
      "n": 10240,
      "median": 1.0010311603546143,
      "mean": 1.0020767959009391,
      "stdev": 0.21795516898208053,
      "q1": 0.8122931718826294,
      "q3": 1.1905109584331512,
      "iqr": 0.37821778655052185,
      "min": 0.6250447630882263,
      "max": 1.3749860525131226
    },
    "1.00": {
      "n": 10240,
      "median": 1.0022243857383728,
      "mean": 1.0012401237094308,
      "stdev": 0.2898869475983026,
      "q1": 0.7471207827329636,
      "q3": 1.2555156350135803,
      "iqr": 0.5083948522806168,
      "min": 0.5000303387641907,
      "max": 1.499977707862854
    }
  },
  "stats_method": "inclusive (Tukey quartiles, numpy-compatible for n>=2)",
  "csv_rows": 51200
}
