{
  "name": "cat1_inertia_tensor_curriculum",
  "category": 1,
  "metric": "inertia scale (axis 0) distribution",
  "unit": "ratio",
  "baseline": "curriculum_scale=0 \u2192 nominal (ratio)",
  "config": {
    "n_envs": 256,
    "draws_per_env": 40,
    "curriculum_scales": [
      0.0,
      0.25,
      0.5,
      0.75,
      1.0
    ]
  },
  "hardware": {
    "cpu": "Apple M4 Pro",
    "arch": "arm64",
    "cpu_count": 14,
    "torch_num_threads": 10,
    "memory_gb": 48.0,
    "os": "Darwin",
    "os_release": "25.4.0",
    "hostname": "PLE-TOLGUENEC-MAC",
    "python_version": "3.11.13",
    "torch_version": "2.10.0",
    "genesis_version": "0.4.0",
    "backend": "cpu",
    "git_sha": "7929fc2ea4cad99a5309d245bffd67965b94ad5f",
    "git_dirty": true,
    "date_utc": "2026-04-16T11:28:10+00:00"
  },
  "stats": {
    "0.00": {
      "n": 10240,
      "median": 1.0,
      "mean": 1.0,
      "stdev": 0.0,
      "q1": 1.0,
      "q3": 1.0,
      "iqr": 0.0,
      "min": 1.0,
      "max": 1.0
    },
    "0.25": {
      "n": 10240,
      "median": 1.0003135204315186,
      "mean": 1.0003734761965462,
      "stdev": 0.028943002677549175,
      "q1": 0.9752578735351562,
      "q3": 1.0260403752326965,
      "iqr": 0.05078250169754028,
      "min": 0.9500133395195007,
      "max": 1.0499951839447021
    },
    "0.50": {
      "n": 10240,
      "median": 1.0015052556991577,
      "mean": 1.001531477307435,
      "stdev": 0.057516194753556314,
      "q1": 0.9518126100301743,
      "q3": 1.0515589118003845,
      "iqr": 0.09974630177021027,
      "min": 0.9000152945518494,
      "max": 1.0999197959899902
    },
    "0.75": {
      "n": 10240,
      "median": 1.0006358623504639,
      "mean": 1.0003987473901361,
      "stdev": 0.08697052403554704,
      "q1": 0.9243769943714142,
      "q3": 1.076501190662384,
      "iqr": 0.15212419629096985,
      "min": 0.8500179052352905,
      "max": 1.1499525308609009
    },
    "1.00": {
      "n": 10240,
      "median": 1.0039758682250977,
      "mean": 1.001456556719495,
      "stdev": 0.11538432183918204,
      "q1": 0.901234820485115,
      "q3": 1.1009075343608856,
      "iqr": 0.19967271387577057,
      "min": 0.8000631332397461,
      "max": 1.199931025505066
    }
  },
  "stats_method": "inclusive (Tukey quartiles, numpy-compatible for n>=2)",
  "csv_rows": 51200
}
