{
  "name": "cat1_battery_voltage_sag_trace",
  "category": 1,
  "metric": "voltage ratio trajectory",
  "unit": "ratio",
  "baseline": "SoC decays linearly, v_ratio = 0.7 + 0.3\u00d7SoC",
  "config": {
    "n_envs": 8,
    "n_steps": 500,
    "dt_s": 0.01
  },
  "hardware": {
    "cpu": "Apple M4 Pro",
    "arch": "arm64",
    "cpu_count": 14,
    "torch_num_threads": 10,
    "memory_gb": 48.0,
    "os": "Darwin",
    "os_release": "25.4.0",
    "hostname": "PLE-TOLGUENEC-MAC",
    "python_version": "3.11.13",
    "torch_version": "2.10.0",
    "genesis_version": "0.4.0",
    "backend": "cpu",
    "git_sha": "7929fc2ea4cad99a5309d245bffd67965b94ad5f",
    "git_dirty": true,
    "date_utc": "2026-04-16T11:28:10+00:00"
  },
  "stats": {
    "env_0": {
      "n": 500,
      "median": 0.77646803855896,
      "mean": 0.77646803855896,
      "stdev": 0.011660361383430393,
      "q1": 0.7664001286029816,
      "q3": 0.7865359485149384,
      "iqr": 0.020135819911956787,
      "min": 0.7563322186470032,
      "max": 0.7966038584709167
    },
    "env_1": {
      "n": 500,
      "median": 0.5170835852622986,
      "mean": 0.5170835852622986,
      "stdev": 0.0055287681005630075,
      "q1": 0.5123098790645599,
      "q3": 0.5218572914600372,
      "iqr": 0.009547412395477295,
      "min": 0.5075361728668213,
      "max": 0.5266309976577759
    },
    "env_2": {
      "n": 500,
      "median": 0.5690186321735382,
      "mean": 0.5690186321735382,
      "stdev": 0.003384432809223149,
      "q1": 0.5660964101552963,
      "q3": 0.5719408541917801,
      "iqr": 0.005844444036483765,
      "min": 0.5631741881370544,
      "max": 0.574863076210022
    },
    "env_3": {
      "n": 500,
      "median": 0.5943658649921417,
      "mean": 0.5943658649921417,
      "stdev": 0.0036427864587821684,
      "q1": 0.5912205725908279,
      "q3": 0.5975111573934555,
      "iqr": 0.0062905848026275635,
      "min": 0.5880752801895142,
      "max": 0.6006564497947693
    },
    "env_4": {
      "n": 500,
      "median": 0.942959725856781,
      "mean": 0.942959725856781,
      "stdev": 0.011867044303077607,
      "q1": 0.9327133595943451,
      "q3": 0.9532060921192169,
      "iqr": 0.020492732524871826,
      "min": 0.9224669933319092,
      "max": 0.9634524583816528
    },
    "env_5": {
      "n": 500,
      "median": 0.9241949915885925,
      "mean": 0.9241949915885925,
      "stdev": 0.007888398099868714,
      "q1": 0.9173839092254639,
      "q3": 0.9310060739517212,
      "iqr": 0.013622164726257324,
      "min": 0.9105728268623352,
      "max": 0.9378171563148499
    },
    "env_6": {
      "n": 500,
      "median": 0.9733116924762726,
      "mean": 0.9733116924762726,
      "stdev": 0.009016542369609764,
      "q1": 0.9655265361070633,
      "q3": 0.9810968488454819,
      "iqr": 0.015570312738418579,
      "min": 0.957741379737854,
      "max": 0.9888820052146912
    },
    "env_7": {
      "n": 500,
      "median": 0.8296131193637848,
      "mean": 0.8296131193637848,
      "stdev": 0.003143302736301398,
      "q1": 0.8268990963697433,
      "q3": 0.8323271423578262,
      "iqr": 0.005428045988082886,
      "min": 0.8241850733757019,
      "max": 0.8350411653518677
    }
  },
  "stats_method": "inclusive (Tukey quartiles, numpy-compatible for n>=2)",
  "csv_rows": 4000
}
