{
  "name": "cat2_motor_saturation_curriculum",
  "category": 2,
  "metric": "rpm_max distribution",
  "unit": "RPM",
  "baseline": "curriculum_scale=0 collapses to nominal (RPM)",
  "config": {
    "n_envs": 256,
    "draws_per_env": 40,
    "curriculum_scales": [
      0.0,
      0.25,
      0.5,
      0.75,
      1.0
    ]
  },
  "hardware": {
    "cpu": "Apple M4 Pro",
    "arch": "arm64",
    "cpu_count": 14,
    "torch_num_threads": 10,
    "memory_gb": 48.0,
    "os": "Darwin",
    "os_release": "25.4.0",
    "hostname": "PLE-TOLGUENEC-MAC",
    "python_version": "3.11.13",
    "torch_version": "2.10.0",
    "genesis_version": "0.4.0",
    "backend": "cpu",
    "git_sha": "7929fc2ea4cad99a5309d245bffd67965b94ad5f",
    "git_dirty": true,
    "date_utc": "2026-04-16T09:33:51+00:00"
  },
  "stats": {
    "0.00": {
      "n": 10240,
      "median": 21666.0,
      "mean": 21666.0,
      "stdev": 0.0,
      "q1": 21666.0,
      "q3": 21666.0,
      "iqr": 0.0,
      "min": 21666.0,
      "max": 21666.0
    },
    "0.25": {
      "n": 10240,
      "median": 21127.58203125,
      "mean": 21127.25908908844,
      "stdev": 313.187301201758,
      "q1": 20855.66943359375,
      "q3": 21401.103515625,
      "iqr": 545.43408203125,
      "min": 20582.796875,
      "max": 21665.978515625
    },
    "0.50": {
      "n": 10240,
      "median": 20583.1806640625,
      "mean": 20583.90738658905,
      "stdev": 623.8612982734613,
      "q1": 20047.9189453125,
      "q3": 21122.2626953125,
      "iqr": 1074.34375,
      "min": 19499.533203125,
      "max": 21665.90625
    },
    "0.75": {
      "n": 10240,
      "median": 20046.6298828125,
      "mean": 20040.814544677734,
      "stdev": 939.5789864721875,
      "q1": 19228.873046875,
      "q3": 20855.72998046875,
      "iqr": 1626.85693359375,
      "min": 18416.10546875,
      "max": 21665.9453125
    },
    "1.00": {
      "n": 10240,
      "median": 19532.40625,
      "mean": 19515.641660690308,
      "stdev": 1254.7711361843662,
      "q1": 18421.37646484375,
      "q3": 20604.982421875,
      "iqr": 2183.60595703125,
      "min": 17333.244140625,
      "max": 21665.986328125
    }
  },
  "stats_method": "inclusive (Tukey quartiles, numpy-compatible for n>=2)",
  "csv_rows": 51200
}
