{
  "name": "cat2_gyroscopic_effect_curriculum",
  "category": 2,
  "metric": "I_rotor distribution",
  "unit": "kg\u00b7m\u00b2",
  "baseline": "curriculum_scale=0 collapses to nominal (kg\u00b7m\u00b2)",
  "config": {
    "n_envs": 256,
    "draws_per_env": 40,
    "curriculum_scales": [
      0.0,
      0.25,
      0.5,
      0.75,
      1.0
    ]
  },
  "hardware": {
    "cpu": "Apple M4 Pro",
    "arch": "arm64",
    "cpu_count": 14,
    "torch_num_threads": 10,
    "memory_gb": 48.0,
    "os": "Darwin",
    "os_release": "25.4.0",
    "hostname": "PLE-TOLGUENEC-MAC",
    "python_version": "3.11.13",
    "torch_version": "2.10.0",
    "genesis_version": "0.4.0",
    "backend": "cpu",
    "git_sha": "7929fc2ea4cad99a5309d245bffd67965b94ad5f",
    "git_dirty": true,
    "date_utc": "2026-04-16T09:33:51+00:00"
  },
  "stats": {
    "0.00": {
      "n": 10240,
      "median": 2.9999999242136255e-05,
      "mean": 2.9999999242136255e-05,
      "stdev": 0.0,
      "q1": 2.9999999242136255e-05,
      "q3": 2.9999999242136255e-05,
      "iqr": 0.0,
      "min": 2.9999999242136255e-05,
      "max": 2.9999999242136255e-05
    },
    "0.25": {
      "n": 10240,
      "median": 3.0014915864740033e-05,
      "mean": 3.0013425790365035e-05,
      "stdev": 1.4455245921644155e-06,
      "q1": 2.8759896395058604e-05,
      "q3": 3.12773663608823e-05,
      "iqr": 2.517469965823693e-06,
      "min": 2.7500445867190138e-05,
      "max": 3.249990186304785e-05
    },
    "0.50": {
      "n": 10240,
      "median": 3.0002213861735072e-05,
      "mean": 3.000557105874435e-05,
      "stdev": 2.879448876261677e-06,
      "q1": 2.753169883362716e-05,
      "q3": 3.249036308261566e-05,
      "iqr": 4.958664248988498e-06,
      "min": 2.5000612367875874e-05,
      "max": 3.499956801533699e-05
    },
    "0.75": {
      "n": 10240,
      "median": 3.0025750675122254e-05,
      "mean": 2.9998911091233538e-05,
      "stdev": 4.336652564406817e-06,
      "q1": 2.6251379040331813e-05,
      "q3": 3.376017502887407e-05,
      "iqr": 7.508795988542261e-06,
      "min": 2.250001489301212e-05,
      "max": 3.7499750760616735e-05
    },
    "1.00": {
      "n": 10240,
      "median": 3.0152337785693817e-05,
      "mean": 3.0074961264503486e-05,
      "stdev": 5.791430504537854e-06,
      "q1": 2.50243515438342e-05,
      "q3": 3.5102844776702113e-05,
      "iqr": 1.0078493232867913e-05,
      "min": 2.0002042219857685e-05,
      "max": 3.999994078185409e-05
    }
  },
  "stats_method": "inclusive (Tukey quartiles, numpy-compatible for n>=2)",
  "csv_rows": 51200
}
