{
  "name": "cat2_motor_rpm_noise_curriculum",
  "category": 2,
  "metric": "noise scale (motor 0) distribution",
  "unit": "fraction",
  "baseline": "curriculum_scale=0 collapses to nominal (fraction)",
  "config": {
    "n_envs": 256,
    "draws_per_env": 40,
    "curriculum_scales": [
      0.0,
      0.25,
      0.5,
      0.75,
      1.0
    ]
  },
  "hardware": {
    "cpu": "Apple M4 Pro",
    "arch": "arm64",
    "cpu_count": 14,
    "torch_num_threads": 10,
    "memory_gb": 48.0,
    "os": "Darwin",
    "os_release": "25.4.0",
    "hostname": "PLE-TOLGUENEC-MAC",
    "python_version": "3.11.13",
    "torch_version": "2.10.0",
    "genesis_version": "0.4.0",
    "backend": "cpu",
    "git_sha": "7929fc2ea4cad99a5309d245bffd67965b94ad5f",
    "git_dirty": true,
    "date_utc": "2026-04-16T09:33:51+00:00"
  },
  "stats": {
    "0.00": {
      "n": 10240,
      "median": 0.0,
      "mean": 0.0,
      "stdev": 0.0,
      "q1": 0.0,
      "q3": 0.0,
      "iqr": 0.0,
      "min": 0.0,
      "max": 0.0
    },
    "0.25": {
      "n": 10240,
      "median": 0.0037949997931718826,
      "mean": 0.003774749252680337,
      "stdev": 0.0021679467285723,
      "q1": 0.0018953644612338394,
      "q3": 0.005661846604198217,
      "iqr": 0.003766482142964378,
      "min": 4.6938657760620117e-07,
      "max": 0.007499816827476025
    },
    "0.50": {
      "n": 10240,
      "median": 0.0074419931042939425,
      "mean": 0.007452467215999914,
      "stdev": 0.004311988166155398,
      "q1": 0.003770040872041136,
      "q3": 0.011145506286993623,
      "iqr": 0.007375465414952487,
      "min": 9.191036269839969e-07,
      "max": 0.014995713718235493
    },
    "0.75": {
      "n": 10240,
      "median": 0.011295057367533445,
      "mean": 0.011304441783962883,
      "stdev": 0.006519613569046334,
      "q1": 0.005656766821630299,
      "q3": 0.01704274956136942,
      "iqr": 0.01138598273973912,
      "min": 1.0997057415806921e-06,
      "max": 0.022499386221170425
    },
    "1.00": {
      "n": 10240,
      "median": 0.015143957454711199,
      "mean": 0.015098846580436809,
      "stdev": 0.008744225244984073,
      "q1": 0.007405795739032328,
      "q3": 0.022807808127254248,
      "iqr": 0.01540201238822192,
      "min": 2.174377414121409e-06,
      "max": 0.02999538742005825
    }
  },
  "stats_method": "inclusive (Tukey quartiles, numpy-compatible for n>=2)",
  "csv_rows": 51200
}
