{
  "name": "cat2_motor_cold_start_curriculum",
  "category": 2,
  "metric": "initial warmup overhead",
  "unit": "ratio",
  "baseline": "curriculum_scale=0 \u2192 overhead=1.0 (no cold start)",
  "config": {
    "n_envs": 256
  },
  "hardware": {
    "cpu": "Apple M4 Pro",
    "arch": "arm64",
    "cpu_count": 14,
    "torch_num_threads": 10,
    "memory_gb": 48.0,
    "os": "Darwin",
    "os_release": "25.4.0",
    "hostname": "PLE-TOLGUENEC-MAC",
    "python_version": "3.11.13",
    "torch_version": "2.10.0",
    "genesis_version": "0.4.0",
    "backend": "cpu",
    "git_sha": "7929fc2ea4cad99a5309d245bffd67965b94ad5f",
    "git_dirty": true,
    "date_utc": "2026-04-16T09:33:51+00:00"
  },
  "stats": {
    "0.00": {
      "n": 256,
      "median": 1.0,
      "mean": 1.0,
      "stdev": 0.0,
      "q1": 1.0,
      "q3": 1.0,
      "iqr": 0.0,
      "min": 1.0,
      "max": 1.0
    },
    "0.25": {
      "n": 256,
      "median": 1.0335695147514343,
      "mean": 1.0344596956856549,
      "stdev": 0.021298262977734746,
      "q1": 1.014758139848709,
      "q3": 1.05174058675766,
      "iqr": 0.036982446908950806,
      "min": 1.000146746635437,
      "max": 1.0748018026351929
    },
    "0.50": {
      "n": 256,
      "median": 1.0723659992218018,
      "mean": 1.0747417164966464,
      "stdev": 0.04111688576516703,
      "q1": 1.0424744486808777,
      "q3": 1.1090457439422607,
      "iqr": 0.06657129526138306,
      "min": 1.0002853870391846,
      "max": 1.149226188659668
    },
    "0.75": {
      "n": 256,
      "median": 1.1077517867088318,
      "mean": 1.1103222970850766,
      "stdev": 0.06410068068261013,
      "q1": 1.0577033460140228,
      "q3": 1.1638984382152557,
      "iqr": 0.10619509220123291,
      "min": 1.0031230449676514,
      "max": 1.2244535684585571
    },
    "1.00": {
      "n": 256,
      "median": 1.1491374373435974,
      "mean": 1.1490058097988367,
      "stdev": 0.08852709707217002,
      "q1": 1.0744404792785645,
      "q3": 1.2238238751888275,
      "iqr": 0.14938339591026306,
      "min": 1.0013905763626099,
      "max": 1.2999790906906128
    }
  },
  "stats_method": "inclusive (Tukey quartiles, numpy-compatible for n>=2)",
  "csv_rows": 1280
}
