{
  "name": "cat2_motor_cold_start_trace",
  "category": 2,
  "metric": "warmup factor decay",
  "unit": "ratio",
  "baseline": "exp decay: factor = 1 + (overhead \u2212 1) \u00d7 exp(\u2212t/\u03c4)",
  "config": {
    "n_envs": 8,
    "n_steps": 100,
    "warmup_tau": 0.5
  },
  "hardware": {
    "cpu": "Apple M4 Pro",
    "arch": "arm64",
    "cpu_count": 14,
    "torch_num_threads": 10,
    "memory_gb": 48.0,
    "os": "Darwin",
    "os_release": "25.4.0",
    "hostname": "PLE-TOLGUENEC-MAC",
    "python_version": "3.11.13",
    "torch_version": "2.10.0",
    "genesis_version": "0.4.0",
    "backend": "cpu",
    "git_sha": "7929fc2ea4cad99a5309d245bffd67965b94ad5f",
    "git_dirty": true,
    "date_utc": "2026-04-16T09:33:51+00:00"
  },
  "stats": {
    "env_0": {
      "n": 100,
      "median": 1.1018075942993164,
      "mean": 1.1196361708641052,
      "stdev": 0.06726830879892748,
      "q1": 1.0620581209659576,
      "q3": 1.1670126914978027,
      "iqr": 0.10495457053184509,
      "min": 1.0378272533416748,
      "max": 1.2739734649658203
    },
    "env_1": {
      "n": 100,
      "median": 1.0026718378067017,
      "mean": 1.0031397438049316,
      "stdev": 0.00176550927330805,
      "q1": 1.0016285181045532,
      "q3": 1.0043830573558807,
      "iqr": 0.0027545392513275146,
      "min": 1.0009926557540894,
      "max": 1.0071905851364136
    },
    "env_2": {
      "n": 100,
      "median": 1.0639036297798157,
      "mean": 1.0750944006443024,
      "stdev": 0.04222391438642547,
      "q1": 1.0389529764652252,
      "q3": 1.104832410812378,
      "iqr": 0.06587943434715271,
      "min": 1.0237435102462769,
      "max": 1.1719708442687988
    },
    "env_3": {
      "n": 100,
      "median": 1.0454511046409607,
      "mean": 1.0534105241298675,
      "stdev": 0.030031354453669532,
      "q1": 1.0277054011821747,
      "q3": 1.0745612382888794,
      "iqr": 0.04685583710670471,
      "min": 1.0168875455856323,
      "max": 1.1223132610321045
    },
    "env_4": {
      "n": 100,
      "median": 1.0601997375488281,
      "mean": 1.070742176771164,
      "stdev": 0.039776579972089686,
      "q1": 1.0366955399513245,
      "q3": 1.0987565219402313,
      "iqr": 0.06206098198890686,
      "min": 1.0223677158355713,
      "max": 1.1620038747787476
    },
    "env_5": {
      "n": 100,
      "median": 1.0801485776901245,
      "mean": 1.0941844856739045,
      "stdev": 0.05295752577550583,
      "q1": 1.0488557815551758,
      "q3": 1.1314819157123566,
      "iqr": 0.08262613415718079,
      "min": 1.0297800302505493,
      "max": 1.2156879901885986
    },
    "env_6": {
      "n": 100,
      "median": 1.0067694187164307,
      "mean": 1.0079548752307892,
      "stdev": 0.0044727227935942495,
      "q1": 1.0041265189647675,
      "q3": 1.0111050605773926,
      "iqr": 0.006978541612625122,
      "min": 1.002515196800232,
      "max": 1.018216848373413
    },
    "env_7": {
      "n": 100,
      "median": 1.0488905906677246,
      "mean": 1.057452439069748,
      "stdev": 0.032303887651045464,
      "q1": 1.029801994562149,
      "q3": 1.0802039802074432,
      "iqr": 0.05040198564529419,
      "min": 1.018165946006775,
      "max": 1.1315690279006958
    }
  },
  "stats_method": "inclusive (Tukey quartiles, numpy-compatible for n>=2)",
  "csv_rows": 800
}
