curriculum_scale,avg_motors_killed
0.0,0.0
0.25,0.0
0.5,0.503125
0.75,1.0189453125
1.0,1.0189453125
