{
  "name": "cat2_torque_coeff_km_curriculum",
  "category": 2,
  "metric": "KM distribution",
  "unit": "N\u00b7m/RPM\u00b2",
  "baseline": "curriculum_scale=0 collapses to nominal (N\u00b7m/RPM\u00b2)",
  "config": {
    "n_envs": 256,
    "draws_per_env": 40,
    "curriculum_scales": [
      0.0,
      0.25,
      0.5,
      0.75,
      1.0
    ]
  },
  "hardware": {
    "cpu": "Apple M4 Pro",
    "arch": "arm64",
    "cpu_count": 14,
    "torch_num_threads": 10,
    "memory_gb": 48.0,
    "os": "Darwin",
    "os_release": "25.4.0",
    "hostname": "PLE-TOLGUENEC-MAC",
    "python_version": "3.11.13",
    "torch_version": "2.10.0",
    "genesis_version": "0.4.0",
    "backend": "cpu",
    "git_sha": "7929fc2ea4cad99a5309d245bffd67965b94ad5f",
    "git_dirty": true,
    "date_utc": "2026-04-16T09:33:51+00:00"
  },
  "stats": {
    "0.00": {
      "n": 10240,
      "median": 3.1600000394149674e-12,
      "mean": 3.1600000394149674e-12,
      "stdev": 0.0,
      "q1": 3.1600000394149674e-12,
      "q3": 3.1600000394149674e-12,
      "iqr": 0.0,
      "min": 3.1600000394149674e-12,
      "max": 3.1600000394149674e-12
    },
    "0.25": {
      "n": 10240,
      "median": 3.1609397174378606e-12,
      "mean": 3.1608459112918093e-12,
      "stdev": 9.106804653884903e-14,
      "q1": 3.0818735150678345e-12,
      "q3": 3.2404741867261833e-12,
      "iqr": 1.586006716583488e-13,
      "min": 3.0025281306383933e-12,
      "max": 3.3174938490754258e-12
    },
    "0.50": {
      "n": 10240,
      "median": 3.1601395762345663e-12,
      "mean": 3.1603510658137047e-12,
      "stdev": 1.8140527139694e-13,
      "q1": 3.0044971502038442e-12,
      "q3": 3.3168929842314343e-12,
      "iqr": 3.123958340275901e-13,
      "min": 2.845038657786625e-12,
      "max": 3.474972696745904e-12
    },
    "0.75": {
      "n": 10240,
      "median": 3.1616223311256575e-12,
      "mean": 3.159931486158634e-12,
      "stdev": 2.73209099836137e-13,
      "q1": 2.9238368453796126e-12,
      "q3": 3.3968911125788204e-12,
      "iqr": 4.730542671992077e-13,
      "min": 2.6875012631988326e-12,
      "max": 3.6324845041624254e-12
    },
    "1.00": {
      "n": 10240,
      "median": 3.169597397045809e-12,
      "mean": 3.1647226470060765e-12,
      "stdev": 3.648601083572315e-13,
      "q1": 2.8465341520532428e-12,
      "q3": 3.481479319243641e-12,
      "iqr": 6.349451671903983e-13,
      "min": 2.5301288841816927e-12,
      "max": 3.7899960947385125e-12
    }
  },
  "stats_method": "inclusive (Tukey quartiles, numpy-compatible for n>=2)",
  "csv_rows": 51200
}
