{
  "name": "cat2_motor_wear_curriculum",
  "category": 2,
  "metric": "efficiency after 100 steps",
  "unit": "ratio",
  "baseline": "monotonic decay, floored at 0.8",
  "config": {
    "n_envs": 256,
    "n_steps": 100
  },
  "hardware": {
    "cpu": "Apple M4 Pro",
    "arch": "arm64",
    "cpu_count": 14,
    "torch_num_threads": 10,
    "memory_gb": 48.0,
    "os": "Darwin",
    "os_release": "25.4.0",
    "hostname": "PLE-TOLGUENEC-MAC",
    "python_version": "3.11.13",
    "torch_version": "2.10.0",
    "genesis_version": "0.4.0",
    "backend": "cpu",
    "git_sha": "7929fc2ea4cad99a5309d245bffd67965b94ad5f",
    "git_dirty": true,
    "date_utc": "2026-04-16T09:33:51+00:00"
  },
  "stats": {
    "0.00": {
      "n": 256,
      "median": 1.0,
      "mean": 1.0,
      "stdev": 0.0,
      "q1": 1.0,
      "q3": 1.0,
      "iqr": 0.0,
      "min": 1.0,
      "max": 1.0
    },
    "0.25": {
      "n": 256,
      "median": 0.9878197908401489,
      "mean": 0.9869039515033364,
      "stdev": 0.006513491904143872,
      "q1": 0.9805986881256104,
      "q3": 0.9926820397377014,
      "iqr": 0.012083351612091064,
      "min": 0.9750316143035889,
      "max": 0.9974370002746582
    },
    "0.50": {
      "n": 256,
      "median": 0.9749690294265747,
      "mean": 0.9736166093498468,
      "stdev": 0.013431323845767383,
      "q1": 0.9630481004714966,
      "q3": 0.9860584735870361,
      "iqr": 0.02301037311553955,
      "min": 0.9500691890716553,
      "max": 0.9949336051940918
    },
    "0.75": {
      "n": 256,
      "median": 0.955245852470398,
      "mean": 0.9573267297819257,
      "stdev": 0.01978871164603871,
      "q1": 0.9419406056404114,
      "q3": 0.97415691614151,
      "iqr": 0.03221631050109863,
      "min": 0.9250829219818115,
      "max": 0.9923765659332275
    },
    "1.00": {
      "n": 256,
      "median": 0.9419540166854858,
      "mean": 0.944371753372252,
      "stdev": 0.026348439551658925,
      "q1": 0.9223083257675171,
      "q3": 0.9682873487472534,
      "iqr": 0.04597902297973633,
      "min": 0.9006748199462891,
      "max": 0.9894917011260986
    }
  },
  "stats_method": "inclusive (Tukey quartiles, numpy-compatible for n>=2)",
  "csv_rows": 1280
}
