{
  "name": "cat2_rotor_imbalance_curriculum",
  "category": 2,
  "metric": "imbalance magnitude",
  "unit": "ratio",
  "baseline": "curriculum_scale=0 \u2192 0 imbalance",
  "config": {
    "n_envs": 256
  },
  "hardware": {
    "cpu": "Apple M4 Pro",
    "arch": "arm64",
    "cpu_count": 14,
    "torch_num_threads": 10,
    "memory_gb": 48.0,
    "os": "Darwin",
    "os_release": "25.4.0",
    "hostname": "PLE-TOLGUENEC-MAC",
    "python_version": "3.11.13",
    "torch_version": "2.10.0",
    "genesis_version": "0.4.0",
    "backend": "cpu",
    "git_sha": "7929fc2ea4cad99a5309d245bffd67965b94ad5f",
    "git_dirty": true,
    "date_utc": "2026-04-16T09:33:51+00:00"
  },
  "stats": {
    "0.00": {
      "n": 256,
      "median": 0.0,
      "mean": 0.0,
      "stdev": 0.0,
      "q1": 0.0,
      "q3": 0.0,
      "iqr": 0.0,
      "min": 0.0,
      "max": 0.0
    },
    "0.25": {
      "n": 256,
      "median": 0.0038571920013055205,
      "mean": 0.0038370489332044677,
      "stdev": 0.002174964835602916,
      "q1": 0.0020503916312009096,
      "q3": 0.005647626239806414,
      "iqr": 0.003597234608605504,
      "min": 1.706779016785731e-06,
      "max": 0.00749599002301693
    },
    "0.50": {
      "n": 256,
      "median": 0.0068217001389712095,
      "mean": 0.00709566905712089,
      "stdev": 0.004429787492531047,
      "q1": 0.0033866879530251026,
      "q3": 0.011245262809097767,
      "iqr": 0.007858574856072664,
      "min": 1.8480419612387777e-06,
      "max": 0.014772201888263226
    },
    "0.75": {
      "n": 256,
      "median": 0.010957133024930954,
      "mean": 0.011313928537219908,
      "stdev": 0.006357608983399098,
      "q1": 0.0061667581321671605,
      "q3": 0.016420609783381224,
      "iqr": 0.010253851651214063,
      "min": 0.000312500138534233,
      "max": 0.022451775148510933
    },
    "1.00": {
      "n": 256,
      "median": 0.015753349289298058,
      "mean": 0.015119257589049084,
      "stdev": 0.008849063665161225,
      "q1": 0.007146822288632393,
      "q3": 0.022534864954650402,
      "iqr": 0.01538804266601801,
      "min": 0.0005850863526575267,
      "max": 0.029903937131166458
    }
  },
  "stats_method": "inclusive (Tukey quartiles, numpy-compatible for n>=2)",
  "csv_rows": 1280
}
