{
  "name": "cat2_motor_back_emf_curriculum",
  "category": 2,
  "metric": "Ke (back-EMF) distribution",
  "unit": "V\u00b7s/rad",
  "baseline": "curriculum_scale=0 collapses to nominal (V\u00b7s/rad)",
  "config": {
    "n_envs": 256,
    "draws_per_env": 40,
    "curriculum_scales": [
      0.0,
      0.25,
      0.5,
      0.75,
      1.0
    ]
  },
  "hardware": {
    "cpu": "Apple M4 Pro",
    "arch": "arm64",
    "cpu_count": 14,
    "torch_num_threads": 10,
    "memory_gb": 48.0,
    "os": "Darwin",
    "os_release": "25.4.0",
    "hostname": "PLE-TOLGUENEC-MAC",
    "python_version": "3.11.13",
    "torch_version": "2.10.0",
    "genesis_version": "0.4.0",
    "backend": "cpu",
    "git_sha": "7929fc2ea4cad99a5309d245bffd67965b94ad5f",
    "git_dirty": true,
    "date_utc": "2026-04-16T09:33:51+00:00"
  },
  "stats": {
    "0.00": {
      "n": 10240,
      "median": 0.009999999776482582,
      "mean": 0.009999999776482582,
      "stdev": 0.0,
      "q1": 0.009999999776482582,
      "q3": 0.009999999776482582,
      "iqr": 0.0,
      "min": 0.009999999776482582,
      "max": 0.009999999776482582
    },
    "0.25": {
      "n": 10240,
      "median": 0.01000447478145361,
      "mean": 0.010004027851573482,
      "stdev": 0.0004336573972575393,
      "q1": 0.009627968771383166,
      "q3": 0.010383209679275751,
      "iqr": 0.0007552409078925848,
      "min": 0.009250134229660034,
      "max": 0.010749970562756062
    },
    "0.50": {
      "n": 10240,
      "median": 0.010000664740800858,
      "mean": 0.010001671555710346,
      "stdev": 0.0008638346891465502,
      "q1": 0.009259509621188045,
      "q3": 0.010747109074145555,
      "iqr": 0.001487599452957511,
      "min": 0.008500183932483196,
      "max": 0.01149987056851387
    },
    "0.75": {
      "n": 10240,
      "median": 0.010007725097239017,
      "mean": 0.00999967368088619,
      "stdev": 0.0013009958082675333,
      "q1": 0.008875413332134485,
      "q3": 0.011128053069114685,
      "iqr": 0.0022526397369802,
      "min": 0.0077500054612755775,
      "max": 0.012249925173819065
    },
    "1.00": {
      "n": 10240,
      "median": 0.0100457021035254,
      "mean": 0.010022488852018795,
      "stdev": 0.0017374292100623748,
      "q1": 0.008507305989041924,
      "q3": 0.011530854040756822,
      "iqr": 0.003023548051714897,
      "min": 0.007000613026320934,
      "max": 0.012999982573091984
    }
  },
  "stats_method": "inclusive (Tukey quartiles, numpy-compatible for n>=2)",
  "csv_rows": 51200
}
