{
  "name": "cat2_motor_wear_trace",
  "category": 2,
  "metric": "efficiency decay",
  "unit": "ratio",
  "baseline": "linear decay from 1.0, floor at 0.8",
  "config": {
    "n_envs": 8,
    "n_steps": 100,
    "curriculum_scale": 1.0
  },
  "hardware": {
    "cpu": "Apple M4 Pro",
    "arch": "arm64",
    "cpu_count": 14,
    "torch_num_threads": 10,
    "memory_gb": 48.0,
    "os": "Darwin",
    "os_release": "25.4.0",
    "hostname": "PLE-TOLGUENEC-MAC",
    "python_version": "3.11.13",
    "torch_version": "2.10.0",
    "genesis_version": "0.4.0",
    "backend": "cpu",
    "git_sha": "7929fc2ea4cad99a5309d245bffd67965b94ad5f",
    "git_dirty": true,
    "date_utc": "2026-04-16T09:33:51+00:00"
  },
  "stats": {
    "env_0": {
      "n": 100,
      "median": 0.9886521697044373,
      "mean": 0.9886521697044373,
      "stdev": 0.006519158169572068,
      "q1": 0.9830906093120575,
      "q3": 0.994213730096817,
      "iqr": 0.011123120784759521,
      "min": 0.9775290489196777,
      "max": 0.9997752904891968
    },
    "env_1": {
      "n": 100,
      "median": 0.9932334423065186,
      "mean": 0.9932334423065186,
      "stdev": 0.003887285826312469,
      "q1": 0.9899171590805054,
      "q3": 0.9965497255325317,
      "iqr": 0.006632566452026367,
      "min": 0.9866008758544922,
      "max": 0.9998660087585449
    },
    "env_2": {
      "n": 100,
      "median": 0.9927397966384888,
      "mean": 0.9927397966384888,
      "stdev": 0.004170877852787222,
      "q1": 0.9891815781593323,
      "q3": 0.9962980151176453,
      "iqr": 0.007116436958312988,
      "min": 0.9856233596801758,
      "max": 0.9998562335968018
    },
    "env_3": {
      "n": 100,
      "median": 0.9642979800701141,
      "mean": 0.9642979800701141,
      "stdev": 0.02051027454888443,
      "q1": 0.9468004554510117,
      "q3": 0.9817955046892166,
      "iqr": 0.034995049238204956,
      "min": 0.9293029308319092,
      "max": 0.9992930293083191
    },
    "env_4": {
      "n": 100,
      "median": 0.9673531651496887,
      "mean": 0.9673531651496887,
      "stdev": 0.018755116580153487,
      "q1": 0.95135298371315,
      "q3": 0.9833533465862274,
      "iqr": 0.03200036287307739,
      "min": 0.9353528022766113,
      "max": 0.9993535280227661
    },
    "env_5": {
      "n": 100,
      "median": 0.950090616941452,
      "mean": 0.950090616941452,
      "stdev": 0.02867219140840171,
      "q1": 0.9256300777196884,
      "q3": 0.9745511561632156,
      "iqr": 0.04892107844352722,
      "min": 0.9011695384979248,
      "max": 0.9990116953849792
    },
    "env_6": {
      "n": 100,
      "median": 0.9896003305912018,
      "mean": 0.9896003305912018,
      "stdev": 0.0059744539723797065,
      "q1": 0.9845034629106522,
      "q3": 0.9946971982717514,
      "iqr": 0.010193735361099243,
      "min": 0.9794065952301025,
      "max": 0.999794065952301
    },
    "env_7": {
      "n": 100,
      "median": 0.9748963117599487,
      "mean": 0.9748963117599487,
      "stdev": 0.01442169207804537,
      "q1": 0.9625930190086365,
      "q3": 0.987199604511261,
      "iqr": 0.02460658550262451,
      "min": 0.9502897262573242,
      "max": 0.9995028972625732
    }
  },
  "stats_method": "inclusive (Tukey quartiles, numpy-compatible for n>=2)",
  "csv_rows": 800
}
