{
  "name": "cat2_motor_lag_curriculum",
  "category": 2,
  "metric": "tau (time constant) distribution",
  "unit": "s",
  "baseline": "curriculum_scale=0 collapses to nominal (s)",
  "config": {
    "n_envs": 256,
    "draws_per_env": 40,
    "curriculum_scales": [
      0.0,
      0.25,
      0.5,
      0.75,
      1.0
    ]
  },
  "hardware": {
    "cpu": "Apple M4 Pro",
    "arch": "arm64",
    "cpu_count": 14,
    "torch_num_threads": 10,
    "memory_gb": 48.0,
    "os": "Darwin",
    "os_release": "25.4.0",
    "hostname": "PLE-TOLGUENEC-MAC",
    "python_version": "3.11.13",
    "torch_version": "2.10.0",
    "genesis_version": "0.4.0",
    "backend": "cpu",
    "git_sha": "7929fc2ea4cad99a5309d245bffd67965b94ad5f",
    "git_dirty": true,
    "date_utc": "2026-04-16T09:33:51+00:00"
  },
  "stats": {
    "0.00": {
      "n": 10240,
      "median": 0.032999999821186066,
      "mean": 0.032999999821186066,
      "stdev": 0.0,
      "q1": 0.032999999821186066,
      "q3": 0.032999999821186066,
      "iqr": 0.0,
      "min": 0.032999999821186066,
      "max": 0.032999999821186066
    },
    "0.25": {
      "n": 10240,
      "median": 0.03352237492799759,
      "mean": 0.0335201397207129,
      "stdev": 0.002168287013421882,
      "q1": 0.031639846973121166,
      "q3": 0.035416049882769585,
      "iqr": 0.0037762029096484184,
      "min": 0.02975066937506199,
      "max": 0.037249855697155
    },
    "0.50": {
      "n": 10240,
      "median": 0.034003324806690216,
      "mean": 0.03400835770462436,
      "stdev": 0.004319173571836514,
      "q1": 0.030297547578811646,
      "q3": 0.03773554693907499,
      "iqr": 0.007437999360263348,
      "min": 0.026500917971134186,
      "max": 0.04149935394525528
    },
    "0.75": {
      "n": 10240,
      "median": 0.0345386266708374,
      "mean": 0.03449836785639491,
      "stdev": 0.006504979265227564,
      "q1": 0.028877067379653454,
      "q3": 0.04014026466757059,
      "iqr": 0.011263197287917137,
      "min": 0.023250024765729904,
      "max": 0.04574962705373764
    },
    "1.00": {
      "n": 10240,
      "median": 0.035228507593274117,
      "mean": 0.03511244319142861,
      "stdev": 0.00868714632362654,
      "q1": 0.027536528185009956,
      "q3": 0.04265426844358444,
      "iqr": 0.015117740258574486,
      "min": 0.02000306360423565,
      "max": 0.0499999113380909
    }
  },
  "stats_method": "inclusive (Tukey quartiles, numpy-compatible for n>=2)",
  "csv_rows": 51200
}
