{
  "name": "cat2_thrust_coeff_kf_curriculum",
  "category": 2,
  "metric": "KF distribution",
  "unit": "N/RPM\u00b2",
  "baseline": "curriculum_scale=0 collapses to nominal (N/RPM\u00b2)",
  "config": {
    "n_envs": 256,
    "draws_per_env": 40,
    "curriculum_scales": [
      0.0,
      0.25,
      0.5,
      0.75,
      1.0
    ]
  },
  "hardware": {
    "cpu": "Apple M4 Pro",
    "arch": "arm64",
    "cpu_count": 14,
    "torch_num_threads": 10,
    "memory_gb": 48.0,
    "os": "Darwin",
    "os_release": "25.4.0",
    "hostname": "PLE-TOLGUENEC-MAC",
    "python_version": "3.11.13",
    "torch_version": "2.10.0",
    "genesis_version": "0.4.0",
    "backend": "cpu",
    "git_sha": "7929fc2ea4cad99a5309d245bffd67965b94ad5f",
    "git_dirty": true,
    "date_utc": "2026-04-16T09:33:51+00:00"
  },
  "stats": {
    "0.00": {
      "n": 10240,
      "median": 3.1600000394149674e-10,
      "mean": 3.1600000394149674e-10,
      "stdev": 0.0,
      "q1": 3.1600000394149674e-10,
      "q3": 3.1600000394149674e-10,
      "iqr": 0.0,
      "min": 3.1600000394149674e-10,
      "max": 3.1600000394149674e-10
    },
    "0.25": {
      "n": 10240,
      "median": 3.1609398432053126e-10,
      "mean": 3.160845911723796e-10,
      "stdev": 9.106804322288362e-12,
      "q1": 3.081873506394217e-10,
      "q3": 3.2404742084102267e-10,
      "iqr": 1.5860070201600962e-11,
      "min": 3.0025282260481845e-10,
      "max": 3.317494057242243e-10
    },
    "0.50": {
      "n": 10240,
      "median": 3.160139649960314e-10,
      "mean": 3.1603510639087275e-10,
      "stdev": 1.8140526706908996e-11,
      "q1": 3.004497137193418e-10,
      "q3": 3.3168928714744084e-10,
      "iqr": 3.123957342809902e-11,
      "min": 2.8450386491130075e-10,
      "max": 3.47497280950293e-10
    },
    "0.75": {
      "n": 10240,
      "median": 3.161622352809701e-10,
      "mean": 3.159931486802379e-10,
      "stdev": 2.7320909112678553e-11,
      "q1": 2.923837005841534e-10,
      "q3": 3.3968911017367986e-10,
      "iqr": 4.730540958952645e-11,
      "min": 2.6875010550320155e-10,
      "max": 3.632484313342843e-10
    },
    "1.00": {
      "n": 10240,
      "median": 3.1695973623513396e-10,
      "mean": 3.1647226474888854e-10,
      "stdev": 3.6486009805389274e-11,
      "q1": 2.8465341889161166e-10,
      "q3": 3.4814792021498064e-10,
      "iqr": 6.349450132336898e-11,
      "min": 2.5301288841816927e-10,
      "max": 3.7899960947385125e-10
    }
  },
  "stats_method": "inclusive (Tukey quartiles, numpy-compatible for n>=2)",
  "csv_rows": 51200
}
