{
  "name": "cat3_obs_fixed_delay_heatmap",
  "category": 3,
  "metric": "obs delay (fixed) per env\u00d7episode",
  "unit": "steps",
  "baseline": "integer delay sampled uniformly at each episode reset",
  "config": {
    "n_envs": 16,
    "n_episodes": 30,
    "curriculum_scale": 1.0,
    "dt_s": 0.01
  },
  "hardware": {
    "cpu": "Apple M4 Pro",
    "arch": "arm64",
    "cpu_count": 14,
    "torch_num_threads": 10,
    "memory_gb": 48.0,
    "os": "Darwin",
    "os_release": "25.4.0",
    "hostname": "PLE-TOLGUENEC-MAC",
    "python_version": "3.11.13",
    "torch_version": "2.10.0",
    "genesis_version": "0.4.0",
    "backend": "cpu",
    "git_sha": "7929fc2ea4cad99a5309d245bffd67965b94ad5f",
    "git_dirty": true,
    "date_utc": "2026-04-16T08:37:23+00:00"
  },
  "stats": {
    "env_0": {
      "n": 30,
      "median": 4.5,
      "mean": 4.766666666666667,
      "stdev": 2.8367457476449327,
      "q1": 2.25,
      "q3": 6.75,
      "iqr": 4.5,
      "min": 0.0,
      "max": 10.0
    },
    "env_1": {
      "n": 30,
      "median": 4.5,
      "mean": 4.466666666666667,
      "stdev": 3.1264536848765503,
      "q1": 1.25,
      "q3": 7.0,
      "iqr": 5.75,
      "min": 0.0,
      "max": 10.0
    },
    "env_2": {
      "n": 30,
      "median": 3.5,
      "mean": 4.066666666666666,
      "stdev": 2.7784060592154374,
      "q1": 1.25,
      "q3": 7.0,
      "iqr": 5.75,
      "min": 0.0,
      "max": 9.0
    },
    "env_3": {
      "n": 30,
      "median": 6.0,
      "mean": 5.266666666666667,
      "stdev": 2.8759805923921133,
      "q1": 3.0,
      "q3": 7.75,
      "iqr": 4.75,
      "min": 0.0,
      "max": 10.0
    },
    "env_4": {
      "n": 30,
      "median": 6.0,
      "mean": 5.333333333333333,
      "stdev": 2.7957274463049844,
      "q1": 4.0,
      "q3": 7.75,
      "iqr": 3.75,
      "min": 0.0,
      "max": 10.0
    },
    "env_5": {
      "n": 30,
      "median": 5.5,
      "mean": 5.433333333333334,
      "stdev": 3.013570837959894,
      "q1": 3.0,
      "q3": 7.75,
      "iqr": 4.75,
      "min": 0.0,
      "max": 10.0
    },
    "env_6": {
      "n": 30,
      "median": 5.0,
      "mean": 5.333333333333333,
      "stdev": 2.9164614049283735,
      "q1": 3.25,
      "q3": 7.0,
      "iqr": 3.75,
      "min": 0.0,
      "max": 10.0
    },
    "env_7": {
      "n": 30,
      "median": 6.0,
      "mean": 5.366666666666666,
      "stdev": 2.7478309104898866,
      "q1": 4.0,
      "q3": 7.75,
      "iqr": 3.75,
      "min": 0.0,
      "max": 10.0
    },
    "env_8": {
      "n": 30,
      "median": 5.5,
      "mean": 5.166666666666667,
      "stdev": 3.217230907573107,
      "q1": 3.0,
      "q3": 8.0,
      "iqr": 5.0,
      "min": 0.0,
      "max": 10.0
    },
    "env_9": {
      "n": 30,
      "median": 6.0,
      "mean": 5.766666666666667,
      "stdev": 3.036369580582222,
      "q1": 4.0,
      "q3": 8.0,
      "iqr": 4.0,
      "min": 0.0,
      "max": 10.0
    },
    "env_10": {
      "n": 30,
      "median": 4.0,
      "mean": 4.333333333333333,
      "stdev": 2.97499154833147,
      "q1": 1.25,
      "q3": 6.75,
      "iqr": 5.5,
      "min": 0.0,
      "max": 10.0
    },
    "env_11": {
      "n": 30,
      "median": 4.0,
      "mean": 4.466666666666667,
      "stdev": 2.556038601690775,
      "q1": 2.0,
      "q3": 7.0,
      "iqr": 5.0,
      "min": 1.0,
      "max": 9.0
    },
    "env_12": {
      "n": 30,
      "median": 4.0,
      "mean": 4.133333333333334,
      "stdev": 2.991174758649452,
      "q1": 2.0,
      "q3": 5.75,
      "iqr": 3.75,
      "min": 0.0,
      "max": 10.0
    },
    "env_13": {
      "n": 30,
      "median": 4.0,
      "mean": 4.7,
      "stdev": 3.3129838618631267,
      "q1": 2.0,
      "q3": 7.75,
      "iqr": 5.75,
      "min": 0.0,
      "max": 10.0
    },
    "env_14": {
      "n": 30,
      "median": 4.5,
      "mean": 5.1,
      "stdev": 2.577756308537891,
      "q1": 3.0,
      "q3": 7.0,
      "iqr": 4.0,
      "min": 1.0,
      "max": 10.0
    },
    "env_15": {
      "n": 30,
      "median": 5.5,
      "mean": 5.1,
      "stdev": 2.440322194668791,
      "q1": 3.0,
      "q3": 6.75,
      "iqr": 3.75,
      "min": 0.0,
      "max": 9.0
    },
    "all": {
      "n": 480,
      "median": 5.0,
      "mean": 4.925,
      "stdev": 2.8938419969188924,
      "q1": 2.75,
      "q3": 7.0,
      "iqr": 4.25,
      "min": 0.0,
      "max": 10.0
    }
  },
  "stats_method": "inclusive (Tukey quartiles, numpy-compatible for n>=2)",
  "csv_rows": 480
}
