{
  "name": "cat3_computation_overload_curriculum",
  "category": 3,
  "metric": "skip probability distribution",
  "unit": "probability",
  "baseline": "curriculum_scale=0 collapses to nominal=0 (probability)",
  "config": {
    "distribution": "uniform",
    "n_envs": 256,
    "draws_per_env": 40,
    "curriculum_scales": [
      0.0,
      0.25,
      0.5,
      0.75,
      1.0
    ],
    "dt_s": 0.01
  },
  "hardware": {
    "cpu": "Apple M4 Pro",
    "arch": "arm64",
    "cpu_count": 14,
    "torch_num_threads": 10,
    "memory_gb": 48.0,
    "os": "Darwin",
    "os_release": "25.4.0",
    "hostname": "PLE-TOLGUENEC-MAC",
    "python_version": "3.11.13",
    "torch_version": "2.10.0",
    "genesis_version": "0.4.0",
    "backend": "cpu",
    "git_sha": "7929fc2ea4cad99a5309d245bffd67965b94ad5f",
    "git_dirty": true,
    "date_utc": "2026-04-16T08:37:23+00:00"
  },
  "stats": {
    "0.00": {
      "n": 10240,
      "median": 0.0,
      "mean": 0.0,
      "stdev": 0.0,
      "q1": 0.0,
      "q3": 0.0,
      "iqr": 0.0,
      "min": 0.0,
      "max": 0.0
    },
    "0.25": {
      "n": 10240,
      "median": 0.012564015574753284,
      "mean": 0.012545451879945501,
      "stdev": 0.007229202891715688,
      "q1": 0.0062769753858447075,
      "q3": 0.01875978708267212,
      "iqr": 0.012482811696827412,
      "min": 1.592934154359682e-06,
      "max": 0.02499861642718315
    },
    "0.50": {
      "n": 10240,
      "median": 0.02505062986165285,
      "mean": 0.02502779562547199,
      "stdev": 0.014528327477398179,
      "q1": 0.012427190318703651,
      "q3": 0.0375912319868803,
      "iqr": 0.02516404166817665,
      "min": 5.4836272056491e-07,
      "max": 0.049996934831142426
    },
    "0.75": {
      "n": 10240,
      "median": 0.03802851773798466,
      "mean": 0.03757940945944993,
      "stdev": 0.02173422305250334,
      "q1": 0.01847022445872426,
      "q3": 0.05639640986919403,
      "iqr": 0.03792618541046977,
      "min": 6.781518095522188e-06,
      "max": 0.0749981701374054
    },
    "1.00": {
      "n": 10240,
      "median": 0.04974684864282608,
      "mean": 0.04993372160874569,
      "stdev": 0.028837764486606084,
      "q1": 0.025076929479837418,
      "q3": 0.07488440535962582,
      "iqr": 0.0498074758797884,
      "min": 8.660555067763198e-06,
      "max": 0.09999483078718185
    }
  },
  "stats_method": "inclusive (Tukey quartiles, numpy-compatible for n>=2)",
  "csv_rows": 51200
}
