{
  "name": "cat4_sensor_quantization_curriculum",
  "category": 4,
  "metric": "quantization step distribution",
  "unit": "resolution",
  "baseline": "curriculum_scale=0 \u2192 nominal (resolution)",
  "config": {
    "n_envs": 256,
    "draws_per_env": 40,
    "curriculum_scales": [
      0.0,
      0.25,
      0.5,
      0.75,
      1.0
    ]
  },
  "hardware": {
    "cpu": "Apple M4 Pro",
    "arch": "arm64",
    "cpu_count": 14,
    "torch_num_threads": 10,
    "memory_gb": 48.0,
    "os": "Darwin",
    "os_release": "25.4.0",
    "hostname": "PLE-TOLGUENEC-MAC",
    "python_version": "3.11.13",
    "torch_version": "2.10.0",
    "genesis_version": "0.4.0",
    "backend": "cpu",
    "git_sha": "7929fc2ea4cad99a5309d245bffd67965b94ad5f",
    "git_dirty": true,
    "date_utc": "2026-04-16T12:20:32+00:00"
  },
  "stats": {
    "0.00": {
      "n": 10240,
      "median": 9.999999747378752e-05,
      "mean": 9.999999747378752e-05,
      "stdev": 0.0,
      "q1": 9.999999747378752e-05,
      "q3": 9.999999747378752e-05,
      "iqr": 0.0,
      "min": 9.999999747378752e-05,
      "max": 9.999999747378752e-05
    },
    "0.25": {
      "n": 10240,
      "median": 0.0012558859307318926,
      "mean": 0.001257203198795054,
      "stdev": 0.0007148460729464886,
      "q1": 0.0006299721135292202,
      "q3": 0.0018775630160234869,
      "iqr": 0.0012475909024942666,
      "min": 9.999999747378752e-05,
      "max": 0.002500413917005062
    },
    "0.50": {
      "n": 10240,
      "median": 0.0025577079504728317,
      "mean": 0.0025371432325918875,
      "stdev": 0.001428511324525106,
      "q1": 0.0013068383850622922,
      "q3": 0.003772348223719746,
      "iqr": 0.0024655098386574537,
      "min": 9.999999747378752e-05,
      "max": 0.004999494645744562
    },
    "0.75": {
      "n": 10240,
      "median": 0.003770647570490837,
      "mean": 0.0037774050877231956,
      "stdev": 0.002140151320511293,
      "q1": 0.0019197595829609782,
      "q3": 0.005609539453871548,
      "iqr": 0.00368977987091057,
      "min": 9.999999747378752e-05,
      "max": 0.007499317638576031
    },
    "1.00": {
      "n": 10240,
      "median": 0.004991290159523487,
      "mean": 0.005030942122558457,
      "stdev": 0.0028422504575746914,
      "q1": 0.002631362876854837,
      "q3": 0.007503582746721804,
      "iqr": 0.004872219869866967,
      "min": 0.0001012002321658656,
      "max": 0.009998253546655178
    }
  },
  "stats_method": "inclusive (Tukey quartiles, numpy-compatible for n>=2)",
  "csv_rows": 51200
}
