{
  "name": "cat4_sensor_cross_axis_curriculum",
  "category": 4,
  "metric": "rotation R[0,1] distribution",
  "unit": "dimensionless",
  "baseline": "curriculum_scale=0 \u2192 nominal (dimensionless)",
  "config": {
    "n_envs": 256,
    "draws_per_env": 40,
    "curriculum_scales": [
      0.0,
      0.25,
      0.5,
      0.75,
      1.0
    ]
  },
  "hardware": {
    "cpu": "Apple M4 Pro",
    "arch": "arm64",
    "cpu_count": 14,
    "torch_num_threads": 10,
    "memory_gb": 48.0,
    "os": "Darwin",
    "os_release": "25.4.0",
    "hostname": "PLE-TOLGUENEC-MAC",
    "python_version": "3.11.13",
    "torch_version": "2.10.0",
    "genesis_version": "0.4.0",
    "backend": "cpu",
    "git_sha": "7929fc2ea4cad99a5309d245bffd67965b94ad5f",
    "git_dirty": true,
    "date_utc": "2026-04-16T12:20:32+00:00"
  },
  "stats": {
    "0.00": {
      "n": 10240,
      "median": 0.0,
      "mean": 0.0,
      "stdev": 0.0,
      "q1": 0.0,
      "q3": 0.0,
      "iqr": 0.0,
      "min": 0.0,
      "max": 0.0
    },
    "0.25": {
      "n": 10240,
      "median": -3.3792119211284444e-05,
      "mean": 1.5708585762946868e-05,
      "stdev": 0.0049687786718757634,
      "q1": -0.0032867073314264417,
      "q3": 0.0033583363401703537,
      "iqr": 0.006645043671596795,
      "min": -0.02003171481192112,
      "max": 0.020345622673630714
    },
    "0.50": {
      "n": 10240,
      "median": 4.008124960819259e-05,
      "mean": -6.807001647590738e-05,
      "stdev": 0.009923071485842013,
      "q1": -0.006690542562864721,
      "q3": 0.006740714074112475,
      "iqr": 0.013431256636977196,
      "min": -0.039805393666028976,
      "max": 0.03287610039114952
    },
    "0.75": {
      "n": 10240,
      "median": 9.152261191047728e-05,
      "mean": 9.094051392085633e-05,
      "stdev": 0.014990244012209317,
      "q1": -0.009999392786994576,
      "q3": 0.010138577781617641,
      "iqr": 0.020137970568612218,
      "min": -0.05695343390107155,
      "max": 0.05389640852808952
    },
    "1.00": {
      "n": 10240,
      "median": 0.0006207997794263065,
      "mean": 0.0004409909615718854,
      "stdev": 0.019902704232796893,
      "q1": -0.01319382176734507,
      "q3": 0.013934096554294229,
      "iqr": 0.0271279183216393,
      "min": -0.07131931930780411,
      "max": 0.07235381007194519
    }
  },
  "stats_method": "inclusive (Tukey quartiles, numpy-compatible for n>=2)",
  "csv_rows": 51200
}
