{
  "name": "cat4_gyro_noise_curriculum",
  "category": 4,
  "metric": "noise \u03c3 (axis 0) distribution",
  "unit": "rad/s",
  "baseline": "curriculum_scale=0 \u2192 nominal (rad/s)",
  "config": {
    "n_envs": 256,
    "draws_per_env": 40,
    "curriculum_scales": [
      0.0,
      0.25,
      0.5,
      0.75,
      1.0
    ]
  },
  "hardware": {
    "cpu": "Apple M4 Pro",
    "arch": "arm64",
    "cpu_count": 14,
    "torch_num_threads": 10,
    "memory_gb": 48.0,
    "os": "Darwin",
    "os_release": "25.4.0",
    "hostname": "PLE-TOLGUENEC-MAC",
    "python_version": "3.11.13",
    "torch_version": "2.10.0",
    "genesis_version": "0.4.0",
    "backend": "cpu",
    "git_sha": "7929fc2ea4cad99a5309d245bffd67965b94ad5f",
    "git_dirty": true,
    "date_utc": "2026-04-16T12:20:32+00:00"
  },
  "stats": {
    "0.00": {
      "n": 10240,
      "median": 0.0,
      "mean": 0.0,
      "stdev": 0.0,
      "q1": 0.0,
      "q3": 0.0,
      "iqr": 0.0,
      "min": 0.0,
      "max": 0.0
    },
    "0.25": {
      "n": 10240,
      "median": 0.006177251460030675,
      "mean": 0.00624277148237159,
      "stdev": 0.0036235874282575502,
      "q1": 0.00311151408823207,
      "q3": 0.009412126615643501,
      "iqr": 0.006300612527411431,
      "min": 1.5147030580919818e-06,
      "max": 0.012499052099883556
    },
    "0.50": {
      "n": 10240,
      "median": 0.012640237808227539,
      "mean": 0.012579831796064617,
      "stdev": 0.007223156810964223,
      "q1": 0.006360404193401337,
      "q3": 0.018839405849575996,
      "iqr": 0.01247900165617466,
      "min": 4.6938657760620117e-07,
      "max": 0.024993354454636574
    },
    "0.75": {
      "n": 10240,
      "median": 0.018804455175995827,
      "mean": 0.018711638827238142,
      "stdev": 0.010821688761921652,
      "q1": 0.009214517660439014,
      "q3": 0.028005873784422874,
      "iqr": 0.01879135612398386,
      "min": 2.422928901069099e-06,
      "max": 0.037495292723178864
    },
    "1.00": {
      "n": 10240,
      "median": 0.02460521087050438,
      "mean": 0.024776778873489124,
      "stdev": 0.014444166439449081,
      "q1": 0.012369456002488732,
      "q3": 0.03727175574749708,
      "iqr": 0.02490229974500835,
      "min": 6.061792646505637e-06,
      "max": 0.0499911829829216
    }
  },
  "stats_method": "inclusive (Tukey quartiles, numpy-compatible for n>=2)",
  "csv_rows": 51200
}
