{
  "name": "cat4_accel_noise_bias_drift_curriculum",
  "category": 4,
  "metric": "accel perturbation (axis 0) distribution",
  "unit": "m/s\u00b2",
  "baseline": "curriculum_scale=0 \u2192 nominal (m/s\u00b2)",
  "config": {
    "n_envs": 256,
    "draws_per_env": 40,
    "curriculum_scales": [
      0.0,
      0.25,
      0.5,
      0.75,
      1.0
    ]
  },
  "hardware": {
    "cpu": "Apple M4 Pro",
    "arch": "arm64",
    "cpu_count": 14,
    "torch_num_threads": 10,
    "memory_gb": 48.0,
    "os": "Darwin",
    "os_release": "25.4.0",
    "hostname": "PLE-TOLGUENEC-MAC",
    "python_version": "3.11.13",
    "torch_version": "2.10.0",
    "genesis_version": "0.4.0",
    "backend": "cpu",
    "git_sha": "7929fc2ea4cad99a5309d245bffd67965b94ad5f",
    "git_dirty": true,
    "date_utc": "2026-04-16T12:20:32+00:00"
  },
  "stats": {
    "0.00": {
      "n": 10240,
      "median": 0.0,
      "mean": 0.0,
      "stdev": 0.0,
      "q1": 0.0,
      "q3": 0.0,
      "iqr": 0.0,
      "min": 0.0,
      "max": 0.0
    },
    "0.25": {
      "n": 10240,
      "median": -0.00012171598064014688,
      "mean": -0.00013548320460656793,
      "stdev": 0.02481822334161271,
      "q1": -0.016720410902053118,
      "q3": 0.016944915056228638,
      "iqr": 0.033665325958281755,
      "min": -0.090460404753685,
      "max": 0.0975339338183403
    },
    "0.50": {
      "n": 10240,
      "median": -0.0008757562027312815,
      "mean": -0.0003551107565289868,
      "stdev": 0.04949881714905933,
      "q1": -0.03398831654340029,
      "q3": 0.032865019515156746,
      "iqr": 0.06685333605855703,
      "min": -0.1880410760641098,
      "max": 0.18265950679779053
    },
    "0.75": {
      "n": 10240,
      "median": 8.325199451064691e-05,
      "mean": 0.0002857198345607159,
      "stdev": 0.0752514718974626,
      "q1": -0.05108862463384867,
      "q3": 0.050653127022087574,
      "iqr": 0.10174175165593624,
      "min": -0.2712359130382538,
      "max": 0.28538423776626587
    },
    "1.00": {
      "n": 10240,
      "median": -0.0012873714440502226,
      "mean": -0.0013946314567956808,
      "stdev": 0.09982803761832192,
      "q1": -0.06801734492182732,
      "q3": 0.06491217389702797,
      "iqr": 0.13292951881885529,
      "min": -0.39418530464172363,
      "max": 0.37597331404685974
    }
  },
  "stats_method": "inclusive (Tukey quartiles, numpy-compatible for n>=2)",
  "csv_rows": 51200
}
