{
  "name": "cat4_position_noise_curriculum",
  "category": 4,
  "metric": "position noise \u03c3 (axis 0) distribution",
  "unit": "m",
  "baseline": "curriculum_scale=0 \u2192 nominal (m)",
  "config": {
    "n_envs": 256,
    "draws_per_env": 40,
    "curriculum_scales": [
      0.0,
      0.25,
      0.5,
      0.75,
      1.0
    ]
  },
  "hardware": {
    "cpu": "Apple M4 Pro",
    "arch": "arm64",
    "cpu_count": 14,
    "torch_num_threads": 10,
    "memory_gb": 48.0,
    "os": "Darwin",
    "os_release": "25.4.0",
    "hostname": "PLE-TOLGUENEC-MAC",
    "python_version": "3.11.13",
    "torch_version": "2.10.0",
    "genesis_version": "0.4.0",
    "backend": "cpu",
    "git_sha": "7929fc2ea4cad99a5309d245bffd67965b94ad5f",
    "git_dirty": true,
    "date_utc": "2026-04-16T12:20:32+00:00"
  },
  "stats": {
    "0.00": {
      "n": 10240,
      "median": 0.0,
      "mean": 0.0,
      "stdev": 0.0,
      "q1": 0.0,
      "q3": 0.0,
      "iqr": 0.0,
      "min": 0.0,
      "max": 0.0
    },
    "0.25": {
      "n": 10240,
      "median": 0.06177251413464546,
      "mean": 0.062427713696524736,
      "stdev": 0.03623587363532542,
      "q1": 0.03111514076590538,
      "q3": 0.09412126056849957,
      "iqr": 0.06300611980259418,
      "min": 1.5147030353546143e-05,
      "max": 0.12499051541090012
    },
    "0.50": {
      "n": 10240,
      "median": 0.1264023780822754,
      "mean": 0.12579831576586004,
      "stdev": 0.07223156684717034,
      "q1": 0.06360404193401337,
      "q3": 0.18839405104517937,
      "iqr": 0.124790009111166,
      "min": 4.693865776062012e-06,
      "max": 0.24993354082107544
    },
    "0.75": {
      "n": 10240,
      "median": 0.18804454803466797,
      "mean": 0.1871163855852501,
      "stdev": 0.10821688636173309,
      "q1": 0.09214517287909985,
      "q3": 0.28005874156951904,
      "iqr": 0.1879135686904192,
      "min": 2.422928810119629e-05,
      "max": 0.37495291233062744
    },
    "1.00": {
      "n": 10240,
      "median": 0.2460521012544632,
      "mean": 0.247767784493044,
      "stdev": 0.14444166197319275,
      "q1": 0.12369456142187119,
      "q3": 0.3727175369858742,
      "iqr": 0.249022975564003,
      "min": 6.0617923736572266e-05,
      "max": 0.4999118149280548
    }
  },
  "stats_method": "inclusive (Tukey quartiles, numpy-compatible for n>=2)",
  "csv_rows": 51200
}
