{
  "name": "cat4_barometer_drift_curriculum",
  "category": 4,
  "metric": "baro drift distribution",
  "unit": "m",
  "baseline": "curriculum_scale=0 \u2192 nominal (m)",
  "config": {
    "n_envs": 256,
    "draws_per_env": 40,
    "curriculum_scales": [
      0.0,
      0.25,
      0.5,
      0.75,
      1.0
    ]
  },
  "hardware": {
    "cpu": "Apple M4 Pro",
    "arch": "arm64",
    "cpu_count": 14,
    "torch_num_threads": 10,
    "memory_gb": 48.0,
    "os": "Darwin",
    "os_release": "25.4.0",
    "hostname": "PLE-TOLGUENEC-MAC",
    "python_version": "3.11.13",
    "torch_version": "2.10.0",
    "genesis_version": "0.4.0",
    "backend": "cpu",
    "git_sha": "7929fc2ea4cad99a5309d245bffd67965b94ad5f",
    "git_dirty": true,
    "date_utc": "2026-04-16T12:20:32+00:00"
  },
  "stats": {
    "0.00": {
      "n": 10240,
      "median": 0.0,
      "mean": 0.0,
      "stdev": 0.0,
      "q1": 0.0,
      "q3": 0.0,
      "iqr": 0.0,
      "min": 0.0,
      "max": 0.0
    },
    "0.25": {
      "n": 10240,
      "median": 0.00010405362991150469,
      "mean": 3.1176411511735225e-05,
      "stdev": 0.0247104612503033,
      "q1": -0.01667623734101653,
      "q3": 0.016616727225482464,
      "iqr": 0.033292964566498995,
      "min": -0.09796108305454254,
      "max": 0.0975339338183403
    },
    "0.50": {
      "n": 10240,
      "median": -0.0004933428717777133,
      "mean": -0.00016500870344007267,
      "stdev": 0.049767161773475975,
      "q1": -0.03429645672440529,
      "q3": 0.03265760838985443,
      "iqr": 0.06695406511425972,
      "min": -0.19272683560848236,
      "max": 0.19902697205543518
    },
    "0.75": {
      "n": 10240,
      "median": -4.2619649320840836e-05,
      "mean": 0.00012677501149664926,
      "stdev": 0.07440544562813046,
      "q1": -0.05036200024187565,
      "q3": 0.049841415137052536,
      "iqr": 0.10020341537892818,
      "min": -0.29082825779914856,
      "max": 0.2790541350841522
    },
    "1.00": {
      "n": 10240,
      "median": -0.0014396404731087387,
      "mean": -0.0022754866598583058,
      "stdev": 0.09945132521183461,
      "q1": -0.0694029126316309,
      "q3": 0.06567061878740788,
      "iqr": 0.13507353141903877,
      "min": -0.3881652355194092,
      "max": 0.39834246039390564
    }
  },
  "stats_method": "inclusive (Tukey quartiles, numpy-compatible for n>=2)",
  "csv_rows": 51200
}
