{
  "name": "cat4_gyro_drift_trace",
  "category": 4,
  "metric": "gyro drift (axis 0) trace",
  "unit": "rad/s",
  "baseline": "stateful drift at curriculum_scale=1.0",
  "config": {
    "n_envs": 4,
    "n_steps": 400,
    "dt_s": 0.01
  },
  "hardware": {
    "cpu": "Apple M4 Pro",
    "arch": "arm64",
    "cpu_count": 14,
    "torch_num_threads": 10,
    "memory_gb": 48.0,
    "os": "Darwin",
    "os_release": "25.4.0",
    "hostname": "PLE-TOLGUENEC-MAC",
    "python_version": "3.11.13",
    "torch_version": "2.10.0",
    "genesis_version": "0.4.0",
    "backend": "cpu",
    "git_sha": "7929fc2ea4cad99a5309d245bffd67965b94ad5f",
    "git_dirty": true,
    "date_utc": "2026-04-16T12:20:32+00:00"
  },
  "stats": {
    "env_0": {
      "n": 400,
      "median": -0.0026957938680425286,
      "mean": -0.004421798642460999,
      "stdev": 0.005368849238680876,
      "q1": -0.008960620267316699,
      "q3": -0.00014167365588946268,
      "iqr": 0.008818946611427236,
      "min": -0.017630863934755325,
      "max": 0.004527579061686993
    },
    "env_1": {
      "n": 400,
      "median": 0.009893654845654964,
      "mean": 0.011161078204240766,
      "stdev": 0.011681546167270976,
      "q1": 0.0003969629105995409,
      "q3": 0.02195599628612399,
      "iqr": 0.02155903337552445,
      "min": -0.0077690063044428825,
      "max": 0.03210878744721413
    },
    "env_2": {
      "n": 400,
      "median": 0.0009837151737883687,
      "mean": -0.00021835216553881765,
      "stdev": 0.007756786930405876,
      "q1": -0.008434739895164967,
      "q3": 0.006287228548899293,
      "iqr": 0.01472196844406426,
      "min": -0.016662996262311935,
      "max": 0.01354567613452673
    },
    "env_3": {
      "n": 400,
      "median": -0.009552555158734322,
      "mean": -0.00902305921397783,
      "stdev": 0.004583964330491154,
      "q1": -0.01271145325154066,
      "q3": -0.0057921812403947115,
      "iqr": 0.006919272011145949,
      "min": -0.01988268829882145,
      "max": 0.002527170814573765
    }
  },
  "stats_method": "inclusive (Tukey quartiles, numpy-compatible for n>=2)",
  "csv_rows": 1600
}
