{
  "name": "cat4_magnetometer_interference_curriculum",
  "category": 4,
  "metric": "mag offset (axis 0) distribution",
  "unit": "\u00b5T",
  "baseline": "curriculum_scale=0 \u2192 nominal (\u00b5T)",
  "config": {
    "n_envs": 256,
    "draws_per_env": 40,
    "curriculum_scales": [
      0.0,
      0.25,
      0.5,
      0.75,
      1.0
    ]
  },
  "hardware": {
    "cpu": "Apple M4 Pro",
    "arch": "arm64",
    "cpu_count": 14,
    "torch_num_threads": 10,
    "memory_gb": 48.0,
    "os": "Darwin",
    "os_release": "25.4.0",
    "hostname": "PLE-TOLGUENEC-MAC",
    "python_version": "3.11.13",
    "torch_version": "2.10.0",
    "genesis_version": "0.4.0",
    "backend": "cpu",
    "git_sha": "7929fc2ea4cad99a5309d245bffd67965b94ad5f",
    "git_dirty": true,
    "date_utc": "2026-04-16T12:20:32+00:00"
  },
  "stats": {
    "0.00": {
      "n": 10240,
      "median": 0.0,
      "mean": 0.0,
      "stdev": 0.0,
      "q1": 0.0,
      "q3": 0.0,
      "iqr": 0.0,
      "min": 0.0,
      "max": 0.0
    },
    "0.25": {
      "n": 10240,
      "median": -0.02909943461418152,
      "mean": -0.002891452063340694,
      "stdev": 1.4494349453398694,
      "q1": -1.2553943991661072,
      "q3": 1.2648504376411438,
      "iqr": 2.520244836807251,
      "min": -2.499394178390503,
      "max": 2.4996206760406494
    },
    "0.50": {
      "n": 10240,
      "median": 0.056095123291015625,
      "mean": 0.0319326309254393,
      "stdev": 2.8892626726396338,
      "q1": -2.4558383226394653,
      "q3": 2.5357619524002075,
      "iqr": 4.991600275039673,
      "min": -4.999812126159668,
      "max": 4.997341632843018
    },
    "0.75": {
      "n": 10240,
      "median": 0.02178177237510681,
      "mean": -0.015344576421193778,
      "stdev": 4.328675459175524,
      "q1": -3.8141931295394897,
      "q3": 3.7023496627807617,
      "iqr": 7.5165427923202515,
      "min": -7.499031066894531,
      "max": 7.498117446899414
    },
    "1.00": {
      "n": 10240,
      "median": -0.15791594982147217,
      "mean": -0.08928862398024648,
      "stdev": 5.777666479133266,
      "q1": -5.052217364311218,
      "q3": 4.908701419830322,
      "iqr": 9.96091878414154,
      "min": -9.997575759887695,
      "max": 9.996472358703613
    }
  },
  "stats_method": "inclusive (Tukey quartiles, numpy-compatible for n>=2)",
  "csv_rows": 51200
}
