{
  "name": "cat4_gyro_drift_perf",
  "category": 4,
  "metric": "overhead",
  "unit": "%",
  "baseline": "scene.step() only \u2014 no tick/apply call",
  "config": {
    "n_envs_range": [
      1,
      4,
      16,
      64,
      128
    ],
    "warmup": 30,
    "rounds": 5,
    "steps_per_round": 100,
    "reset_every": 20,
    "genesis_backend": "cpu",
    "drone_urdf": "urdf/drones/cf2x.urdf",
    "dt_s": 0.005,
    "apply_kind": "obs"
  },
  "hardware": {
    "cpu": "Apple M4 Pro",
    "arch": "arm64",
    "cpu_count": 14,
    "torch_num_threads": 10,
    "memory_gb": 48.0,
    "os": "Darwin",
    "os_release": "25.4.0",
    "hostname": "PLE-TOLGUENEC-MAC",
    "python_version": "3.11.13",
    "torch_version": "2.10.0",
    "genesis_version": "0.4.0",
    "backend": "cpu",
    "git_sha": "9d57b0f1c87c4c07bd7dfbe780afd8c563c31d29",
    "git_dirty": true,
    "date_utc": "2026-04-17T10:00:57+00:00"
  },
  "stats": {
    "n_envs_1": {
      "n": 5,
      "median": 12.77531540245549,
      "mean": 12.046990284583291,
      "stdev": 2.101257882476999,
      "q1": 11.522331804552218,
      "q3": 13.217353009469141,
      "iqr": 1.695021204916923,
      "min": 8.663525390062265,
      "max": 14.056425816377335
    },
    "n_envs_4": {
      "n": 5,
      "median": 33.88364176382485,
      "mean": 32.18425249884315,
      "stdev": 5.189331255086351,
      "q1": 28.28556776087509,
      "q3": 34.52871885755739,
      "iqr": 6.243151096682297,
      "min": 25.626225315438724,
      "max": 38.59710879651972
    },
    "n_envs_16": {
      "n": 5,
      "median": 31.542154775673424,
      "mean": 28.83363844132303,
      "stdev": 8.057871342037169,
      "q1": 23.904515323366276,
      "q3": 35.68995222040034,
      "iqr": 11.785436897034067,
      "min": 17.287271561065364,
      "max": 35.74429832610975
    },
    "n_envs_64": {
      "n": 5,
      "median": 23.879886028175175,
      "mean": 24.062261103287742,
      "stdev": 6.857018551498976,
      "q1": 22.02064518117651,
      "q3": 24.57135819793826,
      "iqr": 2.550713016761751,
      "min": 15.376549588410231,
      "max": 34.46286652073853
    },
    "n_envs_128": {
      "n": 5,
      "median": 12.448729893998237,
      "mean": 14.116676714114226,
      "stdev": 3.5944566078509186,
      "q1": 11.946412439363664,
      "q3": 15.97607844720194,
      "iqr": 4.029666007838276,
      "min": 10.70306188813353,
      "max": 19.50910090187376
    }
  },
  "stats_method": "inclusive (Tukey quartiles, numpy-compatible for n>=2)",
  "csv_rows": 25
}
