{
  "name": "cat4_gyro_bias_curriculum",
  "category": 4,
  "metric": "bias (axis 0) distribution",
  "unit": "rad/s",
  "baseline": "curriculum_scale=0 \u2192 nominal (rad/s)",
  "config": {
    "n_envs": 256,
    "draws_per_env": 40,
    "curriculum_scales": [
      0.0,
      0.25,
      0.5,
      0.75,
      1.0
    ]
  },
  "hardware": {
    "cpu": "Apple M4 Pro",
    "arch": "arm64",
    "cpu_count": 14,
    "torch_num_threads": 10,
    "memory_gb": 48.0,
    "os": "Darwin",
    "os_release": "25.4.0",
    "hostname": "PLE-TOLGUENEC-MAC",
    "python_version": "3.11.13",
    "torch_version": "2.10.0",
    "genesis_version": "0.4.0",
    "backend": "cpu",
    "git_sha": "7929fc2ea4cad99a5309d245bffd67965b94ad5f",
    "git_dirty": true,
    "date_utc": "2026-04-16T12:20:32+00:00"
  },
  "stats": {
    "0.00": {
      "n": 10240,
      "median": 0.0,
      "mean": 0.0,
      "stdev": 0.0,
      "q1": 0.0,
      "q3": 0.0,
      "iqr": 0.0,
      "min": 0.0,
      "max": 0.0
    },
    "0.25": {
      "n": 10240,
      "median": -0.00029099435778334737,
      "mean": -2.891451994873548e-05,
      "stdev": 0.01449434969950691,
      "q1": -0.012553944019600749,
      "q3": 0.012648504227399826,
      "iqr": 0.025202448247000575,
      "min": -0.02499394118785858,
      "max": 0.024996206164360046
    },
    "0.50": {
      "n": 10240,
      "median": 0.0005609512445516884,
      "mean": 0.00031932631222249405,
      "stdev": 0.028892627223076846,
      "q1": -0.024558383971452713,
      "q3": 0.025357620790600777,
      "iqr": 0.04991600476205349,
      "min": -0.049998123198747635,
      "max": 0.049973417073488235
    },
    "0.75": {
      "n": 10240,
      "median": 0.00021781772375106812,
      "mean": -0.00015344577616014377,
      "stdev": 0.04328675533309222,
      "q1": -0.03814193233847618,
      "q3": 0.03702349681407213,
      "iqr": 0.07516542915254831,
      "min": -0.07499030977487564,
      "max": 0.07498116791248322
    },
    "1.00": {
      "n": 10240,
      "median": -0.001579159521497786,
      "mean": -0.0008928862201363352,
      "stdev": 0.057776665789938994,
      "q1": -0.05052217748016119,
      "q3": 0.049087014980614185,
      "iqr": 0.09960919246077538,
      "min": -0.09997575730085373,
      "max": 0.09996473044157028
    }
  },
  "stats_method": "inclusive (Tukey quartiles, numpy-compatible for n>=2)",
  "csv_rows": 51200
}
