{
  "name": "cat4_imu_vibration_curriculum",
  "category": 4,
  "metric": "vibration gain distribution",
  "unit": "gain",
  "baseline": "curriculum_scale=0 \u2192 nominal (gain)",
  "config": {
    "n_envs": 256,
    "draws_per_env": 40,
    "curriculum_scales": [
      0.0,
      0.25,
      0.5,
      0.75,
      1.0
    ]
  },
  "hardware": {
    "cpu": "Apple M4 Pro",
    "arch": "arm64",
    "cpu_count": 14,
    "torch_num_threads": 10,
    "memory_gb": 48.0,
    "os": "Darwin",
    "os_release": "25.4.0",
    "hostname": "PLE-TOLGUENEC-MAC",
    "python_version": "3.11.13",
    "torch_version": "2.10.0",
    "genesis_version": "0.4.0",
    "backend": "cpu",
    "git_sha": "7929fc2ea4cad99a5309d245bffd67965b94ad5f",
    "git_dirty": true,
    "date_utc": "2026-04-16T12:20:32+00:00"
  },
  "stats": {
    "0.00": {
      "n": 10240,
      "median": 0.0,
      "mean": 0.0,
      "stdev": 0.0,
      "q1": 0.0,
      "q3": 0.0,
      "iqr": 0.0,
      "min": 0.0,
      "max": 0.0
    },
    "0.25": {
      "n": 10240,
      "median": 0.006212807493284345,
      "mean": 0.006213287146532261,
      "stdev": 0.003620522208388135,
      "q1": 0.0030516269034706056,
      "q3": 0.009352590655907989,
      "iqr": 0.006300963752437383,
      "min": 1.2889505285329506e-07,
      "max": 0.012498303316533566
    },
    "0.50": {
      "n": 10240,
      "median": 0.012662666384130716,
      "mean": 0.01255764791516028,
      "stdev": 0.007216691132359736,
      "q1": 0.0063451435416936874,
      "q3": 0.018797213211655617,
      "iqr": 0.01245206966996193,
      "min": 4.6938657760620117e-07,
      "max": 0.024994922801852226
    },
    "0.75": {
      "n": 10240,
      "median": 0.018663624301552773,
      "mean": 0.01869752115710983,
      "stdev": 0.010809246499089584,
      "q1": 0.009315705625340343,
      "q3": 0.02795095881447196,
      "iqr": 0.018635253189131618,
      "min": 1.2293457984924316e-07,
      "max": 0.037495292723178864
    },
    "1.00": {
      "n": 10240,
      "median": 0.024703485891222954,
      "mean": 0.024903748690227136,
      "stdev": 0.014354800624500045,
      "q1": 0.01278466172516346,
      "q3": 0.03739183209836483,
      "iqr": 0.02460717037320137,
      "min": 6.061792646505637e-06,
      "max": 0.0499911829829216
    }
  },
  "stats_method": "inclusive (Tukey quartiles, numpy-compatible for n>=2)",
  "csv_rows": 51200
}
