{
  "name": "cat4_optical_flow_noise_curriculum",
  "category": 4,
  "metric": "optical flow noise \u03c3 (u) distribution",
  "unit": "m/s",
  "baseline": "curriculum_scale=0 \u2192 nominal (m/s)",
  "config": {
    "n_envs": 256,
    "draws_per_env": 40,
    "curriculum_scales": [
      0.0,
      0.25,
      0.5,
      0.75,
      1.0
    ]
  },
  "hardware": {
    "cpu": "Apple M4 Pro",
    "arch": "arm64",
    "cpu_count": 14,
    "torch_num_threads": 10,
    "memory_gb": 48.0,
    "os": "Darwin",
    "os_release": "25.4.0",
    "hostname": "PLE-TOLGUENEC-MAC",
    "python_version": "3.11.13",
    "torch_version": "2.10.0",
    "genesis_version": "0.4.0",
    "backend": "cpu",
    "git_sha": "7929fc2ea4cad99a5309d245bffd67965b94ad5f",
    "git_dirty": true,
    "date_utc": "2026-04-16T12:20:32+00:00"
  },
  "stats": {
    "0.00": {
      "n": 10240,
      "median": 0.0,
      "mean": 0.0,
      "stdev": 0.0,
      "q1": 0.0,
      "q3": 0.0,
      "iqr": 0.0,
      "min": 0.0,
      "max": 0.0
    },
    "0.25": {
      "n": 10240,
      "median": 0.062215741723775864,
      "mean": 0.06234101511945482,
      "stdev": 0.03640572792573189,
      "q1": 0.030746519565582275,
      "q3": 0.09375268593430519,
      "iqr": 0.06300616636872292,
      "min": 3.3661723136901855e-05,
      "max": 0.12499051541090012
    },
    "0.50": {
      "n": 10240,
      "median": 0.12624476850032806,
      "mean": 0.1251072705432307,
      "stdev": 0.07188382189850816,
      "q1": 0.0635230578482151,
      "q3": 0.18726081401109695,
      "iqr": 0.12373775616288185,
      "min": 8.672475814819336e-06,
      "max": 0.24994923174381256
    },
    "0.75": {
      "n": 10240,
      "median": 0.18634618073701859,
      "mean": 0.18586774982977658,
      "stdev": 0.10820229923184499,
      "q1": 0.09133303910493851,
      "q3": 0.2783905118703842,
      "iqr": 0.1870574727654457,
      "min": 1.2293457984924316e-06,
      "max": 0.374943345785141
    },
    "1.00": {
      "n": 10240,
      "median": 0.24803829193115234,
      "mean": 0.2487273599836044,
      "stdev": 0.14393035955950204,
      "q1": 0.12621040642261505,
      "q3": 0.3718375116586685,
      "iqr": 0.24562710523605347,
      "min": 6.0617923736572266e-05,
      "max": 0.49996504187583923
    }
  },
  "stats_method": "inclusive (Tukey quartiles, numpy-compatible for n>=2)",
  "csv_rows": 51200
}
