{
  "name": "cat4_velocity_noise_curriculum",
  "category": 4,
  "metric": "velocity noise \u03c3 (axis 0) distribution",
  "unit": "m/s",
  "baseline": "curriculum_scale=0 \u2192 nominal (m/s)",
  "config": {
    "n_envs": 256,
    "draws_per_env": 40,
    "curriculum_scales": [
      0.0,
      0.25,
      0.5,
      0.75,
      1.0
    ]
  },
  "hardware": {
    "cpu": "Apple M4 Pro",
    "arch": "arm64",
    "cpu_count": 14,
    "torch_num_threads": 10,
    "memory_gb": 48.0,
    "os": "Darwin",
    "os_release": "25.4.0",
    "hostname": "PLE-TOLGUENEC-MAC",
    "python_version": "3.11.13",
    "torch_version": "2.10.0",
    "genesis_version": "0.4.0",
    "backend": "cpu",
    "git_sha": "7929fc2ea4cad99a5309d245bffd67965b94ad5f",
    "git_dirty": true,
    "date_utc": "2026-04-16T12:20:32+00:00"
  },
  "stats": {
    "0.00": {
      "n": 10240,
      "median": 0.0,
      "mean": 0.0,
      "stdev": 0.0,
      "q1": 0.0,
      "q3": 0.0,
      "iqr": 0.0,
      "min": 0.0,
      "max": 0.0
    },
    "0.25": {
      "n": 10240,
      "median": 0.037063511088490486,
      "mean": 0.03745662976068918,
      "stdev": 0.021741525084790828,
      "q1": 0.018669084645807743,
      "q3": 0.05647275783121586,
      "iqr": 0.037803673185408115,
      "min": 9.088218575925566e-06,
      "max": 0.07499431073665619
    },
    "0.50": {
      "n": 10240,
      "median": 0.07584143057465553,
      "mean": 0.07547899251472892,
      "stdev": 0.04333894192310978,
      "q1": 0.03816242516040802,
      "q3": 0.11303643509745598,
      "iqr": 0.07487400993704796,
      "min": 2.816319465637207e-06,
      "max": 0.14996013045310974
    },
    "0.75": {
      "n": 10240,
      "median": 0.11282673105597496,
      "mean": 0.1122698360408541,
      "stdev": 0.06493013451408403,
      "q1": 0.05528710596263409,
      "q3": 0.16803525760769844,
      "iqr": 0.11274815164506435,
      "min": 1.4537573406414595e-05,
      "max": 0.22497175633907318
    },
    "1.00": {
      "n": 10240,
      "median": 0.14763126522302628,
      "mean": 0.14866067677106684,
      "stdev": 0.08666500082542561,
      "q1": 0.07421674020588398,
      "q3": 0.22363052889704704,
      "iqr": 0.14941378869116306,
      "min": 3.637075496953912e-05,
      "max": 0.2999471127986908
    }
  },
  "stats_method": "inclusive (Tukey quartiles, numpy-compatible for n>=2)",
  "csv_rows": 51200
}
