{
  "name": "cat4_barometer_drift_trace",
  "category": 4,
  "metric": "barometer drift trace",
  "unit": "m",
  "baseline": "stateful drift at curriculum_scale=1.0",
  "config": {
    "n_envs": 4,
    "n_steps": 400,
    "dt_s": 0.01
  },
  "hardware": {
    "cpu": "Apple M4 Pro",
    "arch": "arm64",
    "cpu_count": 14,
    "torch_num_threads": 10,
    "memory_gb": 48.0,
    "os": "Darwin",
    "os_release": "25.4.0",
    "hostname": "PLE-TOLGUENEC-MAC",
    "python_version": "3.11.13",
    "torch_version": "2.10.0",
    "genesis_version": "0.4.0",
    "backend": "cpu",
    "git_sha": "7929fc2ea4cad99a5309d245bffd67965b94ad5f",
    "git_dirty": true,
    "date_utc": "2026-04-16T12:20:32+00:00"
  },
  "stats": {
    "env_0": {
      "n": 400,
      "median": -0.004104870138689876,
      "mean": -0.0071223412780091165,
      "stdev": 0.10176464624546533,
      "q1": -0.08423425257205963,
      "q3": 0.06191600766032934,
      "iqr": 0.14615026023238897,
      "min": -0.3184116780757904,
      "max": 0.3408242464065552
    },
    "env_1": {
      "n": 400,
      "median": -0.0054377224296331406,
      "mean": -0.008031300530274166,
      "stdev": 0.0993249668330147,
      "q1": -0.07579485513269901,
      "q3": 0.0602477602660656,
      "iqr": 0.1360426153987646,
      "min": -0.2701832354068756,
      "max": 0.3160751760005951
    },
    "env_2": {
      "n": 400,
      "median": -0.0006371848285198212,
      "mean": 0.006274548855726607,
      "stdev": 0.10510202307981989,
      "q1": -0.058826250955462456,
      "q3": 0.07537945546209812,
      "iqr": 0.13420570641756058,
      "min": -0.3278732895851135,
      "max": 0.2841651141643524
    },
    "env_3": {
      "n": 400,
      "median": -0.011505333706736565,
      "mean": -0.01746376280396362,
      "stdev": 0.09876300564131332,
      "q1": -0.0815940573811531,
      "q3": 0.05160806234925985,
      "iqr": 0.13320211973041296,
      "min": -0.2816113829612732,
      "max": 0.2406141459941864
    }
  },
  "stats_method": "inclusive (Tukey quartiles, numpy-compatible for n>=2)",
  "csv_rows": 1600
}
