{
  "name": "cat5_blade_vortex_trace",
  "category": 5,
  "metric": "BVI thrust perturbation trace",
  "unit": "fraction",
  "baseline": "OU trace at curriculum_scale=1.0",
  "config": {
    "n_envs": 4,
    "n_steps": 400,
    "dt_s": 0.01,
    "axis": "rotor 0"
  },
  "hardware": {
    "cpu": "Apple M4 Pro",
    "arch": "arm64",
    "cpu_count": 14,
    "torch_num_threads": 10,
    "memory_gb": 48.0,
    "os": "Darwin",
    "os_release": "25.4.0",
    "hostname": "PLE-TOLGUENEC-MAC",
    "python_version": "3.11.13",
    "torch_version": "2.10.0",
    "genesis_version": "0.4.0",
    "backend": "cpu",
    "git_sha": "7929fc2ea4cad99a5309d245bffd67965b94ad5f",
    "git_dirty": true,
    "date_utc": "2026-04-16T08:58:24+00:00"
  },
  "stats": {
    "env_0": {
      "n": 400,
      "median": 0.002500383765436709,
      "mean": 0.002406210342082886,
      "stdev": 0.006639017912737942,
      "q1": -0.0022969160927459598,
      "q3": 0.00649536622222513,
      "iqr": 0.00879228231497109,
      "min": -0.01237413939088583,
      "max": 0.018422961235046387
    },
    "env_1": {
      "n": 400,
      "median": -0.004855624167248607,
      "mean": -0.004762146144112194,
      "stdev": 0.009007104186818058,
      "q1": -0.011297322576865554,
      "q3": 0.002575666061602533,
      "iqr": 0.013872988638468087,
      "min": -0.030315134674310684,
      "max": 0.013222204521298409
    },
    "env_2": {
      "n": 400,
      "median": -0.000606132613029331,
      "mean": -0.0011670199318905361,
      "stdev": 0.012751044256116862,
      "q1": -0.0071849043015390635,
      "q3": 0.006614502635784447,
      "iqr": 0.01379940693732351,
      "min": -0.04209887236356735,
      "max": 0.02626984938979149
    },
    "env_3": {
      "n": 400,
      "median": -0.0012450914364308119,
      "mean": -0.0037321519758279466,
      "stdev": 0.019839811205945117,
      "q1": -0.013639226788654923,
      "q3": 0.008177872747182846,
      "iqr": 0.02181709953583777,
      "min": -0.06509081274271011,
      "max": 0.0448433980345726
    },
    "all": {
      "n": 1600,
      "median": -0.0005858484655618668,
      "mean": -0.0018137769274369476,
      "stdev": 0.013329966661039198,
      "q1": -0.008119063451886177,
      "q3": 0.0059515556786209345,
      "iqr": 0.014070619130507112,
      "min": -0.06509081274271011,
      "max": 0.0448433980345726
    }
  },
  "stats_method": "inclusive (Tukey quartiles, numpy-compatible for n>=2)",
  "csv_rows": 1600
}
