{
  "name": "cat5_turbulence_trace",
  "category": 5,
  "metric": "turbulence wind trace",
  "unit": "m/s",
  "baseline": "OU trace at curriculum_scale=1.0",
  "config": {
    "n_envs": 4,
    "n_steps": 400,
    "dt_s": 0.01,
    "axis": "X"
  },
  "hardware": {
    "cpu": "Apple M4 Pro",
    "arch": "arm64",
    "cpu_count": 14,
    "torch_num_threads": 10,
    "memory_gb": 48.0,
    "os": "Darwin",
    "os_release": "25.4.0",
    "hostname": "PLE-TOLGUENEC-MAC",
    "python_version": "3.11.13",
    "torch_version": "2.10.0",
    "genesis_version": "0.4.0",
    "backend": "cpu",
    "git_sha": "7929fc2ea4cad99a5309d245bffd67965b94ad5f",
    "git_dirty": true,
    "date_utc": "2026-04-16T08:58:24+00:00"
  },
  "stats": {
    "env_0": {
      "n": 400,
      "median": 0.1986204832792282,
      "mean": 0.33388018212048337,
      "stdev": 0.5246541615257949,
      "q1": 0.021211232990026474,
      "q3": 0.4976257011294365,
      "iqr": 0.47641446813941,
      "min": -0.5688287019729614,
      "max": 1.7384532690048218
    },
    "env_1": {
      "n": 400,
      "median": -0.15978926420211792,
      "mean": -0.19886766584590077,
      "stdev": 0.7036829219401345,
      "q1": -0.6435384452342987,
      "q3": 0.3610655143857002,
      "iqr": 1.004603959619999,
      "min": -1.7889134883880615,
      "max": 1.3776463270187378
    },
    "env_2": {
      "n": 400,
      "median": -0.2738371044397354,
      "mean": -0.3024301108159125,
      "stdev": 0.27337463226095576,
      "q1": -0.4073643609881401,
      "q3": -0.13968601822853088,
      "iqr": 0.2676783427596092,
      "min": -1.1415952444076538,
      "max": 0.3653270900249481
    },
    "env_3": {
      "n": 400,
      "median": 1.0886808633804321,
      "mean": 1.1453987497556954,
      "stdev": 0.6583474166858161,
      "q1": 0.6564283668994904,
      "q3": 1.6506052613258362,
      "iqr": 0.9941768944263458,
      "min": -0.16836291551589966,
      "max": 2.7699761390686035
    },
    "all": {
      "n": 1600,
      "median": 0.0792563259601593,
      "mean": 0.2444952888035914,
      "stdev": 0.8050349679491231,
      "q1": -0.28819993883371353,
      "q3": 0.7236761599779129,
      "iqr": 1.0118760988116264,
      "min": -1.7889134883880615,
      "max": 2.7699761390686035
    }
  },
  "stats_method": "inclusive (Tukey quartiles, numpy-compatible for n>=2)",
  "csv_rows": 1600
}
