{
  "name": "cat5_payload_sway_trace",
  "category": 5,
  "metric": "pendulum angle trace",
  "unit": "rad",
  "baseline": "symplectic Euler ODE: \u03b8\u0308 = \u2212(g/L)sin(\u03b8)",
  "config": {
    "n_envs": 4,
    "n_steps": 400,
    "dt_s": 0.01
  },
  "hardware": {
    "cpu": "Apple M4 Pro",
    "arch": "arm64",
    "cpu_count": 14,
    "torch_num_threads": 10,
    "memory_gb": 48.0,
    "os": "Darwin",
    "os_release": "25.4.0",
    "hostname": "PLE-TOLGUENEC-MAC",
    "python_version": "3.11.13",
    "torch_version": "2.10.0",
    "genesis_version": "0.4.0",
    "backend": "cpu",
    "git_sha": "7929fc2ea4cad99a5309d245bffd67965b94ad5f",
    "git_dirty": true,
    "date_utc": "2026-04-16T08:58:24+00:00"
  },
  "stats": {
    "env_0": {
      "n": 400,
      "median": -0.00018534358241595328,
      "mean": -0.00011088288418250159,
      "stdev": 0.0027343875705640956,
      "q1": -0.0028668904560618103,
      "q3": 0.002609064627904445,
      "iqr": 0.005475955083966255,
      "min": -0.0038150011096149683,
      "max": 0.003814998082816601
    },
    "env_1": {
      "n": 400,
      "median": -0.010072947945445776,
      "mean": -0.004307695992174558,
      "stdev": 0.04562727201656321,
      "q1": -0.049161067232489586,
      "q3": 0.041556269861757755,
      "iqr": 0.09071733709424734,
      "min": -0.06420526653528214,
      "max": 0.06420440226793289
    },
    "env_2": {
      "n": 400,
      "median": 0.0013294098898768425,
      "mean": 0.0009032267431030049,
      "stdev": 0.0378512901003044,
      "q1": -0.0364282364025712,
      "q3": 0.03834744170308113,
      "iqr": 0.07477567810565233,
      "min": -0.05404191091656685,
      "max": 0.05404382571578026
    },
    "env_3": {
      "n": 400,
      "median": 0.008347708731889725,
      "mean": 0.003703159225988202,
      "stdev": 0.03998613587515156,
      "q1": -0.036504135467112064,
      "q3": 0.04314255993813276,
      "iqr": 0.07964669540524483,
      "min": -0.05614589899778366,
      "max": 0.05614618584513664
    }
  },
  "stats_method": "inclusive (Tukey quartiles, numpy-compatible for n>=2)",
  "csv_rows": 1600
}
