{
  "name": "cat6_action_noise_per_env",
  "category": 6,
  "metric": "noise \u03c3",
  "unit": "dimensionless",
  "baseline": "one sample per (episode, env)",
  "config": {
    "n_envs": 16,
    "n_episodes": 30
  },
  "hardware": {
    "cpu": "Apple M4 Pro",
    "arch": "arm64",
    "cpu_count": 14,
    "torch_num_threads": 10,
    "memory_gb": 48.0,
    "os": "Darwin",
    "os_release": "25.4.0",
    "hostname": "PLE-TOLGUENEC-MAC",
    "python_version": "3.11.13",
    "torch_version": "2.10.0",
    "genesis_version": "0.4.0",
    "backend": "cpu",
    "git_sha": "d2f33eab986c9e48b56083ad0b6404ace997cc30",
    "git_dirty": true,
    "date_utc": "2026-04-15T07:12:55+00:00"
  },
  "stats": {
    "env_0": {
      "n": 30,
      "median": 0.02411794289946556,
      "mean": 0.02405669677342909,
      "stdev": 0.015117382089117712,
      "q1": 0.01060861861333251,
      "q3": 0.03313775826245546,
      "iqr": 0.022529139649122953,
      "min": 0.0006887287017889321,
      "max": 0.0495794340968132
    },
    "env_1": {
      "n": 30,
      "median": 0.03209820296615362,
      "mean": 0.03161122704235216,
      "stdev": 0.013657241884329766,
      "q1": 0.021181554067879915,
      "q3": 0.043702089227735996,
      "iqr": 0.02252053515985608,
      "min": 0.004818594548851252,
      "max": 0.049661800265312195
    },
    "env_2": {
      "n": 30,
      "median": 0.024629020132124424,
      "mean": 0.02611002918953697,
      "stdev": 0.013667683487630486,
      "q1": 0.01390905468724668,
      "q3": 0.03852664586156607,
      "iqr": 0.024617591174319386,
      "min": 0.002502760384231806,
      "max": 0.049662861973047256
    },
    "env_3": {
      "n": 30,
      "median": 0.026359761133790016,
      "mean": 0.025511398255669823,
      "stdev": 0.013180512527783544,
      "q1": 0.018224572762846947,
      "q3": 0.03387774247676134,
      "iqr": 0.015653169713914394,
      "min": 0.00045809149742126465,
      "max": 0.04854992404580116
    },
    "env_4": {
      "n": 30,
      "median": 0.021547537297010422,
      "mean": 0.02452066945612993,
      "stdev": 0.01664722915644497,
      "q1": 0.009721681009978056,
      "q3": 0.04054208192974329,
      "iqr": 0.030820400919765234,
      "min": 2.613365722936578e-05,
      "max": 0.049689408391714096
    },
    "env_5": {
      "n": 30,
      "median": 0.025144594721496105,
      "mean": 0.02289177302736789,
      "stdev": 0.012301596737288615,
      "q1": 0.014165518339723349,
      "q3": 0.03131035156548023,
      "iqr": 0.017144833225756884,
      "min": 0.0028008283115923405,
      "max": 0.04430743679404259
    },
    "env_6": {
      "n": 30,
      "median": 0.02990065049380064,
      "mean": 0.02670765035630514,
      "stdev": 0.015509818916645393,
      "q1": 0.01196183729916811,
      "q3": 0.040068045258522034,
      "iqr": 0.028106207959353924,
      "min": 0.0015058994758874178,
      "max": 0.049784451723098755
    },
    "env_7": {
      "n": 30,
      "median": 0.02338410820811987,
      "mean": 0.025246424515110753,
      "stdev": 0.01450613387815834,
      "q1": 0.01752025168389082,
      "q3": 0.03392640873789787,
      "iqr": 0.016406157054007053,
      "min": 0.0010510504944249988,
      "max": 0.04974266141653061
    },
    "env_8": {
      "n": 30,
      "median": 0.02261629793792963,
      "mean": 0.02369702234864235,
      "stdev": 0.014775082270028588,
      "q1": 0.010462204460054636,
      "q3": 0.03567120153456926,
      "iqr": 0.025208997074514627,
      "min": 0.0024752169847488403,
      "max": 0.04926074668765068
    },
    "env_9": {
      "n": 30,
      "median": 0.023849355056881905,
      "mean": 0.024813659875265633,
      "stdev": 0.015181236716819823,
      "q1": 0.011380521580576897,
      "q3": 0.03932671993970871,
      "iqr": 0.027946198359131813,
      "min": 0.00027836859226226807,
      "max": 0.04920445755124092
    },
    "env_10": {
      "n": 30,
      "median": 0.030561896041035652,
      "mean": 0.0301232833104829,
      "stdev": 0.012842979220485003,
      "q1": 0.020156524144113064,
      "q3": 0.04203880578279495,
      "iqr": 0.02188228163868189,
      "min": 0.006411954760551453,
      "max": 0.047985631972551346
    },
    "env_11": {
      "n": 30,
      "median": 0.023308550007641315,
      "mean": 0.0247183324303478,
      "stdev": 0.01376686592160988,
      "q1": 0.014624471310526133,
      "q3": 0.038377393037080765,
      "iqr": 0.023752921726554632,
      "min": 2.0936131477355957e-05,
      "max": 0.04679277166724205
    },
    "env_12": {
      "n": 30,
      "median": 0.03048462513834238,
      "mean": 0.030128178591257892,
      "stdev": 0.015301005915119096,
      "q1": 0.02058419119566679,
      "q3": 0.04415892157703638,
      "iqr": 0.02357473038136959,
      "min": 0.00016788244829513133,
      "max": 0.04967745766043663
    },
    "env_13": {
      "n": 30,
      "median": 0.025447849184274673,
      "mean": 0.023930852559472745,
      "stdev": 0.013655155972712472,
      "q1": 0.01208808971568942,
      "q3": 0.034934256225824356,
      "iqr": 0.022846166510134935,
      "min": 0.0008420765516348183,
      "max": 0.045641981065273285
    },
    "env_14": {
      "n": 30,
      "median": 0.01388458488509059,
      "mean": 0.018069291370920837,
      "stdev": 0.012666137455818518,
      "q1": 0.009518346982076764,
      "q3": 0.02374858595430851,
      "iqr": 0.014230238972231746,
      "min": 0.002474808832630515,
      "max": 0.04674047604203224
    },
    "env_15": {
      "n": 30,
      "median": 0.029299018904566765,
      "mean": 0.026795501895200382,
      "stdev": 0.01500032411661124,
      "q1": 0.013282984727993608,
      "q3": 0.03857068717479706,
      "iqr": 0.02528770244680345,
      "min": 7.16656431904994e-05,
      "max": 0.04965751990675926
    },
    "all": {
      "n": 480,
      "median": 0.025108876638114452,
      "mean": 0.025558249437343267,
      "stdev": 0.014400334927266997,
      "q1": 0.013287936570122838,
      "q3": 0.0379186412319541,
      "iqr": 0.02463070466183126,
      "min": 2.0936131477355957e-05,
      "max": 0.049784451723098755
    }
  },
  "stats_method": "inclusive (Tukey quartiles, numpy-compatible for n>=2)",
  "csv_rows": 480
}
