{
  "name": "cat6_actuator_hysteresis_per_env",
  "category": 6,
  "metric": "hysteresis width",
  "unit": "dimensionless",
  "baseline": "one sample per (episode, env)",
  "config": {
    "n_envs": 16,
    "n_episodes": 30
  },
  "hardware": {
    "cpu": "Apple M4 Pro",
    "arch": "arm64",
    "cpu_count": 14,
    "torch_num_threads": 10,
    "memory_gb": 48.0,
    "os": "Darwin",
    "os_release": "25.4.0",
    "hostname": "PLE-TOLGUENEC-MAC",
    "python_version": "3.11.13",
    "torch_version": "2.10.0",
    "genesis_version": "0.4.0",
    "backend": "cpu",
    "git_sha": "d2f33eab986c9e48b56083ad0b6404ace997cc30",
    "git_dirty": true,
    "date_utc": "2026-04-15T07:12:55+00:00"
  },
  "stats": {
    "env_0": {
      "n": 30,
      "median": 0.016192372888326645,
      "mean": 0.01627568673187246,
      "stdev": 0.00834853946621204,
      "q1": 0.0109245078638196,
      "q3": 0.022754982113838196,
      "iqr": 0.011830474250018597,
      "min": 0.0007724475581198931,
      "max": 0.028454046696424484
    },
    "env_1": {
      "n": 30,
      "median": 0.021883820183575153,
      "mean": 0.01856847871871044,
      "stdev": 0.009286148506690583,
      "q1": 0.008619199972599745,
      "q3": 0.026215705554932356,
      "iqr": 0.01759650558233261,
      "min": 0.0033920055720955133,
      "max": 0.029734091833233833
    },
    "env_2": {
      "n": 30,
      "median": 0.017574917525053024,
      "mean": 0.01745980908938994,
      "stdev": 0.007753318518238725,
      "q1": 0.012422310886904597,
      "q3": 0.024196910671889782,
      "iqr": 0.011774599784985185,
      "min": 0.002180070849135518,
      "max": 0.029984666034579277
    },
    "env_3": {
      "n": 30,
      "median": 0.016354884020984173,
      "mean": 0.014350690299033885,
      "stdev": 0.008667574922466182,
      "q1": 0.0064174187136814,
      "q3": 0.019524401985108852,
      "iqr": 0.013106983271427453,
      "min": 0.00011921703844564036,
      "max": 0.02869771607220173
    },
    "env_4": {
      "n": 30,
      "median": 0.016223451122641563,
      "mean": 0.015256633254466578,
      "stdev": 0.008951721724689974,
      "q1": 0.007679592585191131,
      "q3": 0.023394825868308544,
      "iqr": 0.015715233283117414,
      "min": 0.0006719523807987571,
      "max": 0.029080122709274292
    },
    "env_5": {
      "n": 30,
      "median": 0.013343279715627432,
      "mean": 0.014368470300299425,
      "stdev": 0.007397883966311586,
      "q1": 0.009335521841421723,
      "q3": 0.01898509031161666,
      "iqr": 0.009649568470194936,
      "min": 0.0015746355056762695,
      "max": 0.028316520154476166
    },
    "env_6": {
      "n": 30,
      "median": 0.015098121017217636,
      "mean": 0.015114121534861625,
      "stdev": 0.008765539112517165,
      "q1": 0.00832117605023086,
      "q3": 0.023567374795675278,
      "iqr": 0.015246198745444417,
      "min": 0.0017084938008338213,
      "max": 0.028479062020778656
    },
    "env_7": {
      "n": 30,
      "median": 0.02315471414476633,
      "mean": 0.018354487457933524,
      "stdev": 0.009627243128428343,
      "q1": 0.011879029916599393,
      "q3": 0.02634534751996398,
      "iqr": 0.014466317603364587,
      "min": 0.0009517675498500466,
      "max": 0.02949417755007744
    },
    "env_8": {
      "n": 30,
      "median": 0.01567834196612239,
      "mean": 0.014634771453711438,
      "stdev": 0.009331934198319269,
      "q1": 0.00613268360029906,
      "q3": 0.021200488787144423,
      "iqr": 0.015067805186845362,
      "min": 7.166862633312121e-05,
      "max": 0.029898708686232567
    },
    "env_9": {
      "n": 30,
      "median": 0.013831168878823519,
      "mean": 0.015959709017382313,
      "stdev": 0.009021338543299348,
      "q1": 0.008015515864826739,
      "q3": 0.025061325170099735,
      "iqr": 0.017045809305272996,
      "min": 0.0010020536137744784,
      "max": 0.029280120506882668
    },
    "env_10": {
      "n": 30,
      "median": 0.016351038590073586,
      "mean": 0.014335429892526008,
      "stdev": 0.008717625917231945,
      "q1": 0.007125161122530699,
      "q3": 0.01957761263474822,
      "iqr": 0.012452451512217522,
      "min": 0.0002664935600478202,
      "max": 0.029157694429159164
    },
    "env_11": {
      "n": 30,
      "median": 0.011325058527290821,
      "mean": 0.014155415344672899,
      "stdev": 0.008167495584147177,
      "q1": 0.007343681529164314,
      "q3": 0.02125726407393813,
      "iqr": 0.013913582544773817,
      "min": 0.0017887686844915152,
      "max": 0.028643008321523666
    },
    "env_12": {
      "n": 30,
      "median": 0.01418739790096879,
      "mean": 0.015144732822470057,
      "stdev": 0.009655035049097321,
      "q1": 0.005805048393085599,
      "q3": 0.02460050769150257,
      "iqr": 0.018795459298416972,
      "min": 0.0003517752920743078,
      "max": 0.02953566052019596
    },
    "env_13": {
      "n": 30,
      "median": 0.017620081081986427,
      "mean": 0.016318172522975752,
      "stdev": 0.008178825446804852,
      "q1": 0.011726656230166554,
      "q3": 0.023057494778186083,
      "iqr": 0.011330838548019528,
      "min": 0.0001548206782899797,
      "max": 0.028133751824498177
    },
    "env_14": {
      "n": 30,
      "median": 0.017265746369957924,
      "mean": 0.01693621800513938,
      "stdev": 0.007962777947128574,
      "q1": 0.012652401812374592,
      "q3": 0.02272413158789277,
      "iqr": 0.010071729775518179,
      "min": 0.00162544718477875,
      "max": 0.02877412922680378
    },
    "env_15": {
      "n": 30,
      "median": 0.01509022293612361,
      "mean": 0.014802220925533523,
      "stdev": 0.007335378748854706,
      "q1": 0.008618204155936837,
      "q3": 0.020581488497555256,
      "iqr": 0.011963284341618419,
      "min": 0.0013651387998834252,
      "max": 0.027917109429836273
    },
    "all": {
      "n": 480,
      "median": 0.01626039482653141,
      "mean": 0.015752190460686204,
      "stdev": 0.008581618053216819,
      "q1": 0.008593330159783363,
      "q3": 0.023467595223337412,
      "iqr": 0.014874265063554049,
      "min": 7.166862633312121e-05,
      "max": 0.029984666034579277
    }
  },
  "stats_method": "inclusive (Tukey quartiles, numpy-compatible for n>=2)",
  "csv_rows": 480
}
