{
  "name": "cat6_action_deadzone_per_env",
  "category": 6,
  "metric": "deadzone threshold",
  "unit": "dimensionless",
  "baseline": "one sample per (episode, env)",
  "config": {
    "n_envs": 16,
    "n_episodes": 30
  },
  "hardware": {
    "cpu": "Apple M4 Pro",
    "arch": "arm64",
    "cpu_count": 14,
    "torch_num_threads": 10,
    "memory_gb": 48.0,
    "os": "Darwin",
    "os_release": "25.4.0",
    "hostname": "PLE-TOLGUENEC-MAC",
    "python_version": "3.11.13",
    "torch_version": "2.10.0",
    "genesis_version": "0.4.0",
    "backend": "cpu",
    "git_sha": "d2f33eab986c9e48b56083ad0b6404ace997cc30",
    "git_dirty": true,
    "date_utc": "2026-04-15T07:12:55+00:00"
  },
  "stats": {
    "env_0": {
      "n": 30,
      "median": 0.02983524091541767,
      "mean": 0.02892392265299956,
      "stdev": 0.011703351906009789,
      "q1": 0.020688298624008894,
      "q3": 0.03918409254401922,
      "iqr": 0.01849579392001033,
      "min": 0.0028380751609802246,
      "max": 0.04557778686285019
    },
    "env_1": {
      "n": 30,
      "median": 0.02112572453916073,
      "mean": 0.02381414798437618,
      "stdev": 0.015702502475318264,
      "q1": 0.011196860345080495,
      "q3": 0.037654575891792774,
      "iqr": 0.02645771554671228,
      "min": 0.0006339371320791543,
      "max": 0.048839736729860306
    },
    "env_2": {
      "n": 30,
      "median": 0.020798496901988983,
      "mean": 0.02230897109760311,
      "stdev": 0.015851271260075205,
      "q1": 0.009913780493661761,
      "q3": 0.03737140819430351,
      "iqr": 0.02745762770064175,
      "min": 1.5535950296907686e-05,
      "max": 0.04921029508113861
    },
    "env_3": {
      "n": 30,
      "median": 0.01561818178743124,
      "mean": 0.02217657039873302,
      "stdev": 0.015109361673003923,
      "q1": 0.010972496122121811,
      "q3": 0.03415979817509651,
      "iqr": 0.0231873020529747,
      "min": 0.0019236684311181307,
      "max": 0.049788858741521835
    },
    "env_4": {
      "n": 30,
      "median": 0.023729799315333366,
      "mean": 0.024134329884933928,
      "stdev": 0.014432153722726212,
      "q1": 0.011253608157858253,
      "q3": 0.030950610525906086,
      "iqr": 0.019697002368047833,
      "min": 0.002416902920231223,
      "max": 0.049833424389362335
    },
    "env_5": {
      "n": 30,
      "median": 0.026948089711368084,
      "mean": 0.02336690437417322,
      "stdev": 0.014940967664575,
      "q1": 0.009153801715001464,
      "q3": 0.033248163759708405,
      "iqr": 0.02409436204470694,
      "min": 0.0002506256278138608,
      "max": 0.04603969678282738
    },
    "env_6": {
      "n": 30,
      "median": 0.01834216620773077,
      "mean": 0.02108477499956886,
      "stdev": 0.015266688749075883,
      "q1": 0.007966374745592475,
      "q3": 0.03269442170858383,
      "iqr": 0.024728046962991357,
      "min": 0.0011489629978314042,
      "max": 0.04715419188141823
    },
    "env_7": {
      "n": 30,
      "median": 0.023281222209334373,
      "mean": 0.022022500013311703,
      "stdev": 0.01245011500321279,
      "q1": 0.012275462504476309,
      "q3": 0.03198702447116375,
      "iqr": 0.01971156196668744,
      "min": 0.003300398588180542,
      "max": 0.04663153737783432
    },
    "env_8": {
      "n": 30,
      "median": 0.02261381596326828,
      "mean": 0.025592955153357858,
      "stdev": 0.01488775692828967,
      "q1": 0.016055585350841284,
      "q3": 0.04178990330547094,
      "iqr": 0.02573431795462966,
      "min": 0.0004913836601190269,
      "max": 0.04976385459303856
    },
    "env_9": {
      "n": 30,
      "median": 0.024770335294306278,
      "mean": 0.024208380576844015,
      "stdev": 0.015460895708727468,
      "q1": 0.009842406027019024,
      "q3": 0.038753689266741276,
      "iqr": 0.028911283239722252,
      "min": 0.0023640336003154516,
      "max": 0.048083238303661346
    },
    "env_10": {
      "n": 30,
      "median": 0.024429836310446262,
      "mean": 0.024677518149837853,
      "stdev": 0.012229729812337137,
      "q1": 0.012473424430936575,
      "q3": 0.03415244352072477,
      "iqr": 0.0216790190897882,
      "min": 0.005235439632087946,
      "max": 0.048188354820013046
    },
    "env_11": {
      "n": 30,
      "median": 0.02659220714122057,
      "mean": 0.02406596267440667,
      "stdev": 0.012264870949657315,
      "q1": 0.012442116159945726,
      "q3": 0.03270193375647068,
      "iqr": 0.020259817596524954,
      "min": 0.003592580556869507,
      "max": 0.04574974253773689
    },
    "env_12": {
      "n": 30,
      "median": 0.031229307875037193,
      "mean": 0.030238413119999072,
      "stdev": 0.01275241607776348,
      "q1": 0.0213325098156929,
      "q3": 0.04027771297842264,
      "iqr": 0.01894520316272974,
      "min": 0.003395640989765525,
      "max": 0.047594670206308365
    },
    "env_13": {
      "n": 30,
      "median": 0.025321710854768753,
      "mean": 0.024969972817537687,
      "stdev": 0.012788205141074524,
      "q1": 0.01399083505384624,
      "q3": 0.03621072694659233,
      "iqr": 0.02221989189274609,
      "min": 0.0011502624256536365,
      "max": 0.044612593948841095
    },
    "env_14": {
      "n": 30,
      "median": 0.030283157713711262,
      "mean": 0.027164266085795436,
      "stdev": 0.014209385347566507,
      "q1": 0.015686693834140897,
      "q3": 0.038785118609666824,
      "iqr": 0.023098424775525928,
      "min": 0.00059314671671018,
      "max": 0.04779147729277611
    },
    "env_15": {
      "n": 30,
      "median": 0.023902500048279762,
      "mean": 0.025713710090106662,
      "stdev": 0.014243136271969901,
      "q1": 0.01619145181030035,
      "q3": 0.036748201586306095,
      "iqr": 0.020556749776005745,
      "min": 0.0003031075175385922,
      "max": 0.04839621111750603
    },
    "all": {
      "n": 480,
      "median": 0.02488731499761343,
      "mean": 0.02465395625459905,
      "stdev": 0.01406990037034181,
      "q1": 0.012094650650396943,
      "q3": 0.036375246942043304,
      "iqr": 0.02428059629164636,
      "min": 1.5535950296907686e-05,
      "max": 0.049833424389362335
    }
  },
  "stats_method": "inclusive (Tukey quartiles, numpy-compatible for n>=2)",
  "csv_rows": 480
}
