{
  "name": "cat6_action_saturation_per_env",
  "category": 6,
  "metric": "saturation limit",
  "unit": "dimensionless",
  "baseline": "one sample per (episode, env)",
  "config": {
    "n_envs": 16,
    "n_episodes": 30
  },
  "hardware": {
    "cpu": "Apple M4 Pro",
    "arch": "arm64",
    "cpu_count": 14,
    "torch_num_threads": 10,
    "memory_gb": 48.0,
    "os": "Darwin",
    "os_release": "25.4.0",
    "hostname": "PLE-TOLGUENEC-MAC",
    "python_version": "3.11.13",
    "torch_version": "2.10.0",
    "genesis_version": "0.4.0",
    "backend": "cpu",
    "git_sha": "d2f33eab986c9e48b56083ad0b6404ace997cc30",
    "git_dirty": true,
    "date_utc": "2026-04-15T07:12:55+00:00"
  },
  "stats": {
    "env_0": {
      "n": 30,
      "median": 0.8550954461097717,
      "mean": 0.852569168806076,
      "stdev": 0.08947670455939609,
      "q1": 0.7721174955368042,
      "q3": 0.9198779612779617,
      "iqr": 0.14776046574115753,
      "min": 0.7005294561386108,
      "max": 0.9934458136558533
    },
    "env_1": {
      "n": 30,
      "median": 0.8227508664131165,
      "mean": 0.8428256889184316,
      "stdev": 0.09859724175912797,
      "q1": 0.7393550276756287,
      "q3": 0.9397692233324051,
      "iqr": 0.20041419565677643,
      "min": 0.7127622961997986,
      "max": 0.9922136068344116
    },
    "env_2": {
      "n": 30,
      "median": 0.8319586217403412,
      "mean": 0.8405943671862285,
      "stdev": 0.09039845119200672,
      "q1": 0.7779649347066879,
      "q3": 0.8864989280700684,
      "iqr": 0.10853399336338043,
      "min": 0.7042773365974426,
      "max": 0.9936947226524353
    },
    "env_3": {
      "n": 30,
      "median": 0.8624415099620819,
      "mean": 0.8527788102626801,
      "stdev": 0.08701140082696715,
      "q1": 0.7901328802108765,
      "q3": 0.916242390871048,
      "iqr": 0.1261095106601715,
      "min": 0.721048891544342,
      "max": 0.9973183870315552
    },
    "env_4": {
      "n": 30,
      "median": 0.8528559803962708,
      "mean": 0.8565098186333974,
      "stdev": 0.08336256123294274,
      "q1": 0.8178976327180862,
      "q3": 0.9004875123500824,
      "iqr": 0.08258987963199615,
      "min": 0.7045199275016785,
      "max": 0.9958786368370056
    },
    "env_5": {
      "n": 30,
      "median": 0.857107549905777,
      "mean": 0.8464939713478088,
      "stdev": 0.09621326123259774,
      "q1": 0.7494132965803146,
      "q3": 0.925556555390358,
      "iqr": 0.17614325881004333,
      "min": 0.7001731395721436,
      "max": 0.9969432353973389
    },
    "env_6": {
      "n": 30,
      "median": 0.884143054485321,
      "mean": 0.8627377629280091,
      "stdev": 0.08712096743996073,
      "q1": 0.7712175101041794,
      "q3": 0.929974690079689,
      "iqr": 0.15875717997550964,
      "min": 0.7197912335395813,
      "max": 0.9819414615631104
    },
    "env_7": {
      "n": 30,
      "median": 0.8394558131694794,
      "mean": 0.8403701325257619,
      "stdev": 0.08584488537119678,
      "q1": 0.7632080912590027,
      "q3": 0.9234373271465302,
      "iqr": 0.16022923588752747,
      "min": 0.7071455121040344,
      "max": 0.9682728052139282
    },
    "env_8": {
      "n": 30,
      "median": 0.8662249445915222,
      "mean": 0.8531242152055104,
      "stdev": 0.09119081655555375,
      "q1": 0.778823971748352,
      "q3": 0.9465080797672272,
      "iqr": 0.16768410801887512,
      "min": 0.7002419829368591,
      "max": 0.9952782988548279
    },
    "env_9": {
      "n": 30,
      "median": 0.86177197098732,
      "mean": 0.8565653224786123,
      "stdev": 0.08061128354553697,
      "q1": 0.7968395799398422,
      "q3": 0.9216737300157547,
      "iqr": 0.12483415007591248,
      "min": 0.7235919237136841,
      "max": 0.9838624596595764
    },
    "env_10": {
      "n": 30,
      "median": 0.8683585226535797,
      "mean": 0.868440043926239,
      "stdev": 0.08284031129645567,
      "q1": 0.8110787272453308,
      "q3": 0.9285142421722412,
      "iqr": 0.1174355149269104,
      "min": 0.7091578841209412,
      "max": 0.9992638230323792
    },
    "env_11": {
      "n": 30,
      "median": 0.8202961087226868,
      "mean": 0.8293156703313191,
      "stdev": 0.08502079555501615,
      "q1": 0.7586251795291901,
      "q3": 0.8858812004327774,
      "iqr": 0.12725602090358734,
      "min": 0.706732988357544,
      "max": 0.9906580448150635
    },
    "env_12": {
      "n": 30,
      "median": 0.8504277169704437,
      "mean": 0.844243049621582,
      "stdev": 0.0908693210368312,
      "q1": 0.7671293318271637,
      "q3": 0.9261607676744461,
      "iqr": 0.1590314358472824,
      "min": 0.7058836817741394,
      "max": 0.9891598224639893
    },
    "env_13": {
      "n": 30,
      "median": 0.8448900580406189,
      "mean": 0.8479243735472362,
      "stdev": 0.09362207442561547,
      "q1": 0.7581390887498856,
      "q3": 0.9387412965297699,
      "iqr": 0.18060220777988434,
      "min": 0.7031165361404419,
      "max": 0.9765602946281433
    },
    "env_14": {
      "n": 30,
      "median": 0.8449171781539917,
      "mean": 0.8506971796353658,
      "stdev": 0.09084083448194123,
      "q1": 0.7560584545135498,
      "q3": 0.9348841905593872,
      "iqr": 0.1788257360458374,
      "min": 0.7227998971939087,
      "max": 0.9972834587097168
    },
    "env_15": {
      "n": 30,
      "median": 0.839087724685669,
      "mean": 0.8330708503723144,
      "stdev": 0.08906685981437404,
      "q1": 0.7617973685264587,
      "q3": 0.8981888890266418,
      "iqr": 0.1363915205001831,
      "min": 0.7117698788642883,
      "max": 0.9949937462806702
    },
    "all": {
      "n": 480,
      "median": 0.8524503409862518,
      "mean": 0.8486412766079108,
      "stdev": 0.08816254669776717,
      "q1": 0.7682140171527863,
      "q3": 0.9306477457284927,
      "iqr": 0.16243372857570648,
      "min": 0.7001731395721436,
      "max": 0.9992638230323792
    }
  },
  "stats_method": "inclusive (Tukey quartiles, numpy-compatible for n>=2)",
  "csv_rows": 480
}
