{
  "name": "cat6_action_noise_curriculum",
  "category": 6,
  "metric": "noise \u03c3",
  "unit": "dimensionless",
  "baseline": "curriculum=0 collapses samples to nominal",
  "config": {
    "distribution_spec": "uniform \u03c3 \u2208 [0.0, 0.05]",
    "n_envs": 256,
    "draws_per_env": 40,
    "curriculum_scales": [
      0.0,
      0.25,
      0.5,
      0.75,
      1.0
    ]
  },
  "hardware": {
    "cpu": "Apple M4 Pro",
    "arch": "arm64",
    "cpu_count": 14,
    "torch_num_threads": 10,
    "memory_gb": 48.0,
    "os": "Darwin",
    "os_release": "25.4.0",
    "hostname": "PLE-TOLGUENEC-MAC",
    "python_version": "3.11.13",
    "torch_version": "2.10.0",
    "genesis_version": "0.4.0",
    "backend": "cpu",
    "git_sha": "d2f33eab986c9e48b56083ad0b6404ace997cc30",
    "git_dirty": true,
    "date_utc": "2026-04-15T07:12:55+00:00"
  },
  "stats": {
    "0.00": {
      "n": 10240,
      "median": 0.0,
      "mean": 0.0,
      "stdev": 0.0,
      "q1": 0.0,
      "q3": 0.0,
      "iqr": 0.0,
      "min": 0.0,
      "max": 0.0
    },
    "0.25": {
      "n": 10240,
      "median": 0.006306102965027094,
      "mean": 0.006282173653920853,
      "stdev": 0.0035944665781280313,
      "q1": 0.0031943691428750753,
      "q3": 0.00940570724196732,
      "iqr": 0.006211338099092245,
      "min": 3.1240285807143664e-06,
      "max": 0.01249911729246378
    },
    "0.50": {
      "n": 10240,
      "median": 0.012458307668566704,
      "mean": 0.012522314210696961,
      "stdev": 0.007221074498799757,
      "q1": 0.006277226144447923,
      "q3": 0.01878821523860097,
      "iqr": 0.012510989094153047,
      "min": 1.3560056686401367e-06,
      "max": 0.024999698624014854
    },
    "0.75": {
      "n": 10240,
      "median": 0.018391398712992668,
      "mean": 0.01856722868953365,
      "stdev": 0.01078273508175007,
      "q1": 0.009307260159403086,
      "q3": 0.02779906941577792,
      "iqr": 0.018491809256374836,
      "min": 9.253621442439908e-07,
      "max": 0.037494808435440063
    },
    "1.00": {
      "n": 10240,
      "median": 0.02486677560955286,
      "mean": 0.024862331289411954,
      "stdev": 0.014467124351979149,
      "q1": 0.012263921089470387,
      "q3": 0.03742888290435076,
      "iqr": 0.02516496181488037,
      "min": 2.714991524044308e-06,
      "max": 0.04999019578099251
    }
  },
  "stats_method": "inclusive (Tukey quartiles, numpy-compatible for n>=2)",
  "csv_rows": 51200
}
