{
  "name": "cat6_esc_low_pass_filter_per_env",
  "category": 6,
  "metric": "cutoff frequency",
  "unit": "Hz",
  "baseline": "one sample per (episode, env)",
  "config": {
    "n_envs": 16,
    "n_episodes": 30
  },
  "hardware": {
    "cpu": "Apple M4 Pro",
    "arch": "arm64",
    "cpu_count": 14,
    "torch_num_threads": 10,
    "memory_gb": 48.0,
    "os": "Darwin",
    "os_release": "25.4.0",
    "hostname": "PLE-TOLGUENEC-MAC",
    "python_version": "3.11.13",
    "torch_version": "2.10.0",
    "genesis_version": "0.4.0",
    "backend": "cpu",
    "git_sha": "d2f33eab986c9e48b56083ad0b6404ace997cc30",
    "git_dirty": true,
    "date_utc": "2026-04-15T07:12:55+00:00"
  },
  "stats": {
    "env_0": {
      "n": 30,
      "median": 29.792482376098633,
      "mean": 27.801727867126466,
      "stdev": 11.499769387153279,
      "q1": 17.9686279296875,
      "q3": 36.06548595428467,
      "iqr": 18.096858024597168,
      "min": 10.1822509765625,
      "max": 48.91590881347656
    },
    "env_1": {
      "n": 30,
      "median": 32.144447326660156,
      "mean": 30.983978462219238,
      "stdev": 9.826008577606858,
      "q1": 22.996479034423828,
      "q3": 37.29033184051514,
      "iqr": 14.293852806091309,
      "min": 11.519710540771484,
      "max": 48.644779205322266
    },
    "env_2": {
      "n": 30,
      "median": 31.850483894348145,
      "mean": 28.872996012369793,
      "stdev": 12.79695764633364,
      "q1": 17.90111780166626,
      "q3": 41.434536933898926,
      "iqr": 23.533419132232666,
      "min": 10.070396423339844,
      "max": 48.794918060302734
    },
    "env_3": {
      "n": 30,
      "median": 30.63165283203125,
      "mean": 30.818854014078777,
      "stdev": 10.58856297470398,
      "q1": 25.169392585754395,
      "q3": 40.72869300842285,
      "iqr": 15.559300422668457,
      "min": 12.80487060546875,
      "max": 46.59133529663086
    },
    "env_4": {
      "n": 30,
      "median": 34.0159854888916,
      "mean": 32.09287618001302,
      "stdev": 12.212524009992672,
      "q1": 22.756268978118896,
      "q3": 42.56845283508301,
      "iqr": 19.81218385696411,
      "min": 11.067901611328125,
      "max": 48.14350891113281
    },
    "env_5": {
      "n": 30,
      "median": 27.166080474853516,
      "mean": 27.987262471516928,
      "stdev": 9.625569571798026,
      "q1": 20.302114009857178,
      "q3": 36.70055961608887,
      "iqr": 16.39844560623169,
      "min": 10.968399047851562,
      "max": 46.67991638183594
    },
    "env_6": {
      "n": 30,
      "median": 25.713006019592285,
      "mean": 25.435533587137858,
      "stdev": 8.166652540875091,
      "q1": 20.713584423065186,
      "q3": 30.125551223754883,
      "iqr": 9.411966800689697,
      "min": 12.219230651855469,
      "max": 40.8833122253418
    },
    "env_7": {
      "n": 30,
      "median": 29.478349685668945,
      "mean": 30.841939417521157,
      "stdev": 12.021889585419931,
      "q1": 19.477885723114014,
      "q3": 43.43703651428223,
      "iqr": 23.959150791168213,
      "min": 13.181060791015625,
      "max": 48.04844665527344
    },
    "env_8": {
      "n": 30,
      "median": 34.868377685546875,
      "mean": 32.83817952473958,
      "stdev": 11.87699730527032,
      "q1": 24.30441951751709,
      "q3": 42.41074180603027,
      "iqr": 18.106322288513184,
      "min": 10.122432708740234,
      "max": 49.33849334716797
    },
    "env_9": {
      "n": 30,
      "median": 34.753543853759766,
      "mean": 32.78978023529053,
      "stdev": 10.750709467336055,
      "q1": 24.40069818496704,
      "q3": 42.46159744262695,
      "iqr": 18.060899257659912,
      "min": 13.987689971923828,
      "max": 48.34741973876953
    },
    "env_10": {
      "n": 30,
      "median": 25.46606159210205,
      "mean": 27.537276204427084,
      "stdev": 11.732043427986438,
      "q1": 18.926152229309082,
      "q3": 37.32541847229004,
      "iqr": 18.399266242980957,
      "min": 11.029888153076172,
      "max": 49.152992248535156
    },
    "env_11": {
      "n": 30,
      "median": 29.04159164428711,
      "mean": 28.60004450480143,
      "stdev": 11.472976040895803,
      "q1": 20.75834846496582,
      "q3": 38.913065910339355,
      "iqr": 18.154717445373535,
      "min": 10.562549591064453,
      "max": 49.31256866455078
    },
    "env_12": {
      "n": 30,
      "median": 29.095962524414062,
      "mean": 29.14601885477702,
      "stdev": 12.472908283699148,
      "q1": 18.57462501525879,
      "q3": 38.90852737426758,
      "iqr": 20.33390235900879,
      "min": 10.28573226928711,
      "max": 49.644554138183594
    },
    "env_13": {
      "n": 30,
      "median": 34.17546081542969,
      "mean": 32.38765939076742,
      "stdev": 9.865399405147581,
      "q1": 24.755252838134766,
      "q3": 38.78939723968506,
      "iqr": 14.034144401550293,
      "min": 14.331893920898438,
      "max": 49.79920196533203
    },
    "env_14": {
      "n": 30,
      "median": 25.272067070007324,
      "mean": 27.824361292521157,
      "stdev": 12.258210949938206,
      "q1": 19.912572383880615,
      "q3": 34.61050605773926,
      "iqr": 14.697933673858643,
      "min": 10.497795104980469,
      "max": 49.62683868408203
    },
    "env_15": {
      "n": 30,
      "median": 31.771273612976074,
      "mean": 31.184221585591633,
      "stdev": 11.556095295625278,
      "q1": 20.144824028015137,
      "q3": 41.80917453765869,
      "iqr": 21.664350509643555,
      "min": 12.864604949951172,
      "max": 49.934593200683594
    },
    "all": {
      "n": 480,
      "median": 29.973112106323242,
      "mean": 29.821419350306194,
      "stdev": 11.266186939950607,
      "q1": 19.87468433380127,
      "q3": 39.26361560821533,
      "iqr": 19.388931274414062,
      "min": 10.070396423339844,
      "max": 49.934593200683594
    }
  },
  "stats_method": "inclusive (Tukey quartiles, numpy-compatible for n>=2)",
  "csv_rows": 480
}
