{
  "name": "cat7_payload_mass_curriculum",
  "category": 7,
  "metric": "payload mass shift",
  "unit": "kg",
  "baseline": "curriculum=0 collapses samples to nominal 0.0 kg",
  "config": {
    "distribution": "uniform",
    "bounds_kg": [
      0.0,
      0.5
    ],
    "n_envs": 256,
    "draws_per_env": 40
  },
  "hardware": {
    "cpu": "Apple M4 Pro",
    "arch": "arm64",
    "cpu_count": 14,
    "torch_num_threads": 10,
    "memory_gb": 48.0,
    "os": "Darwin",
    "os_release": "25.4.0",
    "hostname": "PLE-TOLGUENEC-MAC",
    "python_version": "3.11.13",
    "torch_version": "2.10.0",
    "genesis_version": "0.4.0",
    "backend": "cpu",
    "git_sha": "d2f33eab986c9e48b56083ad0b6404ace997cc30",
    "git_dirty": true,
    "date_utc": "2026-04-15T06:53:01+00:00"
  },
  "stats": {
    "0.00": {
      "n": 10240,
      "median": 0.0,
      "mean": 0.0,
      "stdev": 0.0,
      "q1": 0.0,
      "q3": 0.0,
      "iqr": 0.0,
      "min": 0.0,
      "max": 0.0
    },
    "0.25": {
      "n": 10240,
      "median": 0.062294136732816696,
      "mean": 0.06260956520054606,
      "stdev": 0.036059820352144535,
      "q1": 0.031864408403635025,
      "q3": 0.09337474964559078,
      "iqr": 0.06151034124195576,
      "min": 8.89599323272705e-06,
      "max": 0.12499789148569107
    },
    "0.50": {
      "n": 10240,
      "median": 0.12445798516273499,
      "mean": 0.12468645160115557,
      "stdev": 0.0722101081551583,
      "q1": 0.061521679162979126,
      "q3": 0.1870904080569744,
      "iqr": 0.12556872889399529,
      "min": 5.424022674560547e-06,
      "max": 0.249991312623024
    },
    "0.75": {
      "n": 10240,
      "median": 0.19004769623279572,
      "mean": 0.18907570198061877,
      "stdev": 0.10872846429662336,
      "q1": 0.09669456258416176,
      "q3": 0.28167323768138885,
      "iqr": 0.1849786750972271,
      "min": 4.425644874572754e-06,
      "max": 0.37497374415397644
    },
    "1.00": {
      "n": 10240,
      "median": 0.2504296749830246,
      "mean": 0.2499740258703241,
      "stdev": 0.14508686271037496,
      "q1": 0.12378274649381638,
      "q3": 0.37575850635766983,
      "iqr": 0.25197575986385345,
      "min": 2.1666288375854492e-05,
      "max": 0.49999186396598816
    }
  },
  "stats_method": "inclusive (Tukey quartiles, numpy-compatible for n>=2)",
  "csv_rows": 51200
}
