arm_id,mean_ratio,std_ratio
0,0.9848325848579407,0.11728760600090027
1,0.9911346435546875,0.11535104364156723
2,0.9977032542228699,0.12148580700159073
3,1.0002951622009277,0.12350929528474808
