{
  "name": "cat7_asymmetric_prop_guard_drag_per_env",
  "category": 7,
  "metric": "max arm drag deviation",
  "unit": "dimensionless",
  "baseline": "one sample of 4-arm ratios per (episode, env)",
  "config": {
    "n_envs": 16,
    "n_episodes": 30
  },
  "hardware": {
    "cpu": "Apple M4 Pro",
    "arch": "arm64",
    "cpu_count": 14,
    "torch_num_threads": 10,
    "memory_gb": 48.0,
    "os": "Darwin",
    "os_release": "25.4.0",
    "hostname": "PLE-TOLGUENEC-MAC",
    "python_version": "3.11.13",
    "torch_version": "2.10.0",
    "genesis_version": "0.4.0",
    "backend": "cpu",
    "git_sha": "d2f33eab986c9e48b56083ad0b6404ace997cc30",
    "git_dirty": true,
    "date_utc": "2026-04-15T06:53:01+00:00"
  },
  "stats": {
    "env_0": {
      "n": 30,
      "median": 0.1640452742576599,
      "mean": 0.16188786029815674,
      "stdev": 0.025940059830061344,
      "q1": 0.14713594317436218,
      "q3": 0.18281392753124237,
      "iqr": 0.03567798435688019,
      "min": 0.10379767417907715,
      "max": 0.1991819143295288
    },
    "env_1": {
      "n": 30,
      "median": 0.17255008220672607,
      "mean": 0.15575722058614094,
      "stdev": 0.039867760610918894,
      "q1": 0.13212835788726807,
      "q3": 0.1905226856470108,
      "iqr": 0.05839432775974274,
      "min": 0.05655449628829956,
      "max": 0.19925034046173096
    },
    "env_2": {
      "n": 30,
      "median": 0.1585809290409088,
      "mean": 0.15525147517522175,
      "stdev": 0.03148385314123605,
      "q1": 0.1381959170103073,
      "q3": 0.1781805008649826,
      "iqr": 0.03998458385467529,
      "min": 0.07724058628082275,
      "max": 0.19783127307891846
    },
    "env_3": {
      "n": 30,
      "median": 0.1759084165096283,
      "mean": 0.1658779998620351,
      "stdev": 0.030511233117983177,
      "q1": 0.15845753252506256,
      "q3": 0.18630404770374298,
      "iqr": 0.02784651517868042,
      "min": 0.0757671594619751,
      "max": 0.19614934921264648
    },
    "env_4": {
      "n": 30,
      "median": 0.17082303762435913,
      "mean": 0.1674811899662018,
      "stdev": 0.029188334057187158,
      "q1": 0.1453254073858261,
      "q3": 0.1942041963338852,
      "iqr": 0.04887878894805908,
      "min": 0.09140026569366455,
      "max": 0.1994444727897644
    },
    "env_5": {
      "n": 30,
      "median": 0.17515045404434204,
      "mean": 0.1658854385217031,
      "stdev": 0.026750882938382466,
      "q1": 0.14814409613609314,
      "q3": 0.18526174128055573,
      "iqr": 0.037117645144462585,
      "min": 0.09329807758331299,
      "max": 0.19962120056152344
    },
    "env_6": {
      "n": 30,
      "median": 0.1573246717453003,
      "mean": 0.1488995353380839,
      "stdev": 0.033903017191953565,
      "q1": 0.13476134836673737,
      "q3": 0.17210330069065094,
      "iqr": 0.037341952323913574,
      "min": 0.05104029178619385,
      "max": 0.1967623233795166
    },
    "env_7": {
      "n": 30,
      "median": 0.15958186984062195,
      "mean": 0.1557142456372579,
      "stdev": 0.0350331106097855,
      "q1": 0.13548322021961212,
      "q3": 0.18681739270687103,
      "iqr": 0.05133417248725891,
      "min": 0.06647348403930664,
      "max": 0.1997385025024414
    },
    "env_8": {
      "n": 30,
      "median": 0.1571217179298401,
      "mean": 0.15276601910591125,
      "stdev": 0.03792031617629769,
      "q1": 0.13884808123111725,
      "q3": 0.179853618144989,
      "iqr": 0.041005536913871765,
      "min": 0.022243916988372803,
      "max": 0.19994938373565674
    },
    "env_9": {
      "n": 30,
      "median": 0.16663968563079834,
      "mean": 0.15603464245796203,
      "stdev": 0.036580903170093826,
      "q1": 0.1440170556306839,
      "q3": 0.183712437748909,
      "iqr": 0.0396953821182251,
      "min": 0.0612635612487793,
      "max": 0.19760048389434814
    },
    "env_10": {
      "n": 30,
      "median": 0.17959100008010864,
      "mean": 0.16615833838780722,
      "stdev": 0.0348179503544736,
      "q1": 0.1550387740135193,
      "q3": 0.18726575374603271,
      "iqr": 0.03222697973251343,
      "min": 0.04513514041900635,
      "max": 0.19732946157455444
    },
    "env_11": {
      "n": 30,
      "median": 0.17259222269058228,
      "mean": 0.1655284881591797,
      "stdev": 0.02648719126298394,
      "q1": 0.15250219404697418,
      "q3": 0.18492117524147034,
      "iqr": 0.032418981194496155,
      "min": 0.08178389072418213,
      "max": 0.19735997915267944
    },
    "env_12": {
      "n": 30,
      "median": 0.173112690448761,
      "mean": 0.16363296707471212,
      "stdev": 0.03492077538445689,
      "q1": 0.15657103061676025,
      "q3": 0.18582862615585327,
      "iqr": 0.029257595539093018,
      "min": 0.053986191749572754,
      "max": 0.19861692190170288
    },
    "env_13": {
      "n": 30,
      "median": 0.17417514324188232,
      "mean": 0.1680163820584615,
      "stdev": 0.02823258115916954,
      "q1": 0.16536642611026764,
      "q3": 0.18718425929546356,
      "iqr": 0.021817833185195923,
      "min": 0.08226203918457031,
      "max": 0.19616669416427612
    },
    "env_14": {
      "n": 30,
      "median": 0.1736098825931549,
      "mean": 0.16099285682042438,
      "stdev": 0.03676561425939349,
      "q1": 0.15441995859146118,
      "q3": 0.1845390796661377,
      "iqr": 0.030119121074676514,
      "min": 0.07288086414337158,
      "max": 0.19968175888061523
    },
    "env_15": {
      "n": 30,
      "median": 0.17304694652557373,
      "mean": 0.16361355582873027,
      "stdev": 0.029143986067892556,
      "q1": 0.15355993807315826,
      "q3": 0.18143388628959656,
      "iqr": 0.027873948216438293,
      "min": 0.07548362016677856,
      "max": 0.19936954975128174
    },
    "all": {
      "n": 480,
      "median": 0.16926869750022888,
      "mean": 0.16084363845487434,
      "stdev": 0.03262620987500825,
      "q1": 0.14497974514961243,
      "q3": 0.18504975736141205,
      "iqr": 0.04007001221179962,
      "min": 0.022243916988372803,
      "max": 0.19994938373565674
    }
  },
  "stats_method": "inclusive (Tukey quartiles, numpy-compatible for n>=2)",
  "csv_rows": 480
}
