{
  "name": "cat7_payload_com_offset_per_env",
  "category": 7,
  "metric": "CoM offset magnitude",
  "unit": "m",
  "baseline": "one 3D sample per (episode, env); plot L2 magnitude",
  "config": {
    "n_envs": 16,
    "n_episodes": 30
  },
  "hardware": {
    "cpu": "Apple M4 Pro",
    "arch": "arm64",
    "cpu_count": 14,
    "torch_num_threads": 10,
    "memory_gb": 48.0,
    "os": "Darwin",
    "os_release": "25.4.0",
    "hostname": "PLE-TOLGUENEC-MAC",
    "python_version": "3.11.13",
    "torch_version": "2.10.0",
    "genesis_version": "0.4.0",
    "backend": "cpu",
    "git_sha": "d2f33eab986c9e48b56083ad0b6404ace997cc30",
    "git_dirty": true,
    "date_utc": "2026-04-15T06:53:01+00:00"
  },
  "stats": {
    "env_0": {
      "n": 30,
      "median": 0.1030910573899746,
      "mean": 0.09505852560202281,
      "stdev": 0.027237949865952422,
      "q1": 0.07393918000161648,
      "q3": 0.11559898406267166,
      "iqr": 0.04165980406105518,
      "min": 0.03562451899051666,
      "max": 0.1432553231716156
    },
    "env_1": {
      "n": 30,
      "median": 0.08506018668413162,
      "mean": 0.08591002734998862,
      "stdev": 0.0322720691106713,
      "q1": 0.06940791010856628,
      "q3": 0.10828742198646069,
      "iqr": 0.0388795118778944,
      "min": 0.02482639253139496,
      "max": 0.15605619549751282
    },
    "env_2": {
      "n": 30,
      "median": 0.10309110581874847,
      "mean": 0.09795618777473768,
      "stdev": 0.03169912969838725,
      "q1": 0.07074806652963161,
      "q3": 0.12045283615589142,
      "iqr": 0.049704769626259804,
      "min": 0.018737640231847763,
      "max": 0.1537025272846222
    },
    "env_3": {
      "n": 30,
      "median": 0.10156450793147087,
      "mean": 0.09572284193709493,
      "stdev": 0.029174678284601577,
      "q1": 0.08250361494719982,
      "q3": 0.11688554659485817,
      "iqr": 0.03438193164765835,
      "min": 0.014746989123523235,
      "max": 0.13519132137298584
    },
    "env_4": {
      "n": 30,
      "median": 0.09912949427962303,
      "mean": 0.09570421694467465,
      "stdev": 0.029414561694462556,
      "q1": 0.07818683423101902,
      "q3": 0.11648747138679028,
      "iqr": 0.038300637155771255,
      "min": 0.028575187548995018,
      "max": 0.14088183641433716
    },
    "env_5": {
      "n": 30,
      "median": 0.0997840017080307,
      "mean": 0.09550366842498383,
      "stdev": 0.02621353982300725,
      "q1": 0.08116021566092968,
      "q3": 0.11261540278792381,
      "iqr": 0.03145518712699413,
      "min": 0.02771425060927868,
      "max": 0.13841252028942108
    },
    "env_6": {
      "n": 30,
      "median": 0.09177951887249947,
      "mean": 0.09276721738278866,
      "stdev": 0.022925919894439914,
      "q1": 0.08177774399518967,
      "q3": 0.10260686464607716,
      "iqr": 0.02082912065088749,
      "min": 0.04811810702085495,
      "max": 0.1603291779756546
    },
    "env_7": {
      "n": 30,
      "median": 0.09717236831784248,
      "mean": 0.09215509730080763,
      "stdev": 0.026061732778586585,
      "q1": 0.0768757164478302,
      "q3": 0.10930368676781654,
      "iqr": 0.03242797031998634,
      "min": 0.03657308220863342,
      "max": 0.13770657777786255
    },
    "env_8": {
      "n": 30,
      "median": 0.08965105563402176,
      "mean": 0.09032806120812893,
      "stdev": 0.03160433337460048,
      "q1": 0.06956125050783157,
      "q3": 0.11219684220850468,
      "iqr": 0.0426355917006731,
      "min": 0.03652571141719818,
      "max": 0.1465682089328766
    },
    "env_9": {
      "n": 30,
      "median": 0.10192149877548218,
      "mean": 0.10472562164068222,
      "stdev": 0.026681426445054605,
      "q1": 0.09017317928373814,
      "q3": 0.1210185568779707,
      "iqr": 0.03084537759423256,
      "min": 0.0386471301317215,
      "max": 0.15429885685443878
    },
    "env_10": {
      "n": 30,
      "median": 0.10035930201411247,
      "mean": 0.09990741821626822,
      "stdev": 0.02985086056172376,
      "q1": 0.07904930040240288,
      "q3": 0.1222128551453352,
      "iqr": 0.04316355474293232,
      "min": 0.04149707406759262,
      "max": 0.16134631633758545
    },
    "env_11": {
      "n": 30,
      "median": 0.09843176230788231,
      "mean": 0.10084583175679047,
      "stdev": 0.026219344052575488,
      "q1": 0.08692210726439953,
      "q3": 0.115317078307271,
      "iqr": 0.028394971042871475,
      "min": 0.03627726808190346,
      "max": 0.15268458425998688
    },
    "env_12": {
      "n": 30,
      "median": 0.09921139478683472,
      "mean": 0.09457230033973853,
      "stdev": 0.02978846081932853,
      "q1": 0.07961547933518887,
      "q3": 0.11555561423301697,
      "iqr": 0.0359401348978281,
      "min": 0.03301623836159706,
      "max": 0.14386248588562012
    },
    "env_13": {
      "n": 30,
      "median": 0.09505703300237656,
      "mean": 0.09550271717210611,
      "stdev": 0.023592461975756034,
      "q1": 0.08096666261553764,
      "q3": 0.10898124240338802,
      "iqr": 0.02801457978785038,
      "min": 0.04812160134315491,
      "max": 0.14848583936691284
    },
    "env_14": {
      "n": 30,
      "median": 0.09828843548893929,
      "mean": 0.09384244903922082,
      "stdev": 0.02520967023004816,
      "q1": 0.0781478937715292,
      "q3": 0.10674173198640347,
      "iqr": 0.028593838214874268,
      "min": 0.03867880627512932,
      "max": 0.15542136132717133
    },
    "env_15": {
      "n": 30,
      "median": 0.0998849980533123,
      "mean": 0.09490887609620889,
      "stdev": 0.03125835136799165,
      "q1": 0.07612033002078533,
      "q3": 0.1238968875259161,
      "iqr": 0.04777655750513077,
      "min": 0.026944685727357864,
      "max": 0.14646412432193756
    },
    "all": {
      "n": 480,
      "median": 0.09820014983415604,
      "mean": 0.09533819113664019,
      "stdev": 0.028089473123179394,
      "q1": 0.07722093723714352,
      "q3": 0.11502671241760254,
      "iqr": 0.03780577518045902,
      "min": 0.014746989123523235,
      "max": 0.16134631633758545
    }
  },
  "stats_method": "inclusive (Tukey quartiles, numpy-compatible for n>=2)",
  "csv_rows": 480
}
