{
  "name": "cat7_payload_com_offset_curriculum",
  "category": 7,
  "metric": "CoM offset magnitude",
  "unit": "m",
  "baseline": "curriculum=0 collapses samples to nominal (0,0,0)",
  "config": {
    "distribution": "uniform",
    "per_axis_bounds_m": [
      -0.1,
      0.1
    ],
    "n_envs": 256,
    "draws_per_env": 40
  },
  "hardware": {
    "cpu": "Apple M4 Pro",
    "arch": "arm64",
    "cpu_count": 14,
    "torch_num_threads": 10,
    "memory_gb": 48.0,
    "os": "Darwin",
    "os_release": "25.4.0",
    "hostname": "PLE-TOLGUENEC-MAC",
    "python_version": "3.11.13",
    "torch_version": "2.10.0",
    "genesis_version": "0.4.0",
    "backend": "cpu",
    "git_sha": "d2f33eab986c9e48b56083ad0b6404ace997cc30",
    "git_dirty": true,
    "date_utc": "2026-04-15T06:53:01+00:00"
  },
  "stats": {
    "0.00": {
      "n": 10240,
      "median": 0.0,
      "mean": 0.0,
      "stdev": 0.0,
      "q1": 0.0,
      "q3": 0.0,
      "iqr": 0.0,
      "min": 0.0,
      "max": 0.0
    },
    "0.25": {
      "n": 10240,
      "median": 0.024658973328769207,
      "mean": 0.024044459059922474,
      "stdev": 0.0070010773884148355,
      "q1": 0.019427599851042032,
      "q3": 0.02903351979330182,
      "iqr": 0.009605919942259789,
      "min": 0.0007043673540465534,
      "max": 0.04272911325097084
    },
    "0.50": {
      "n": 10240,
      "median": 0.0491388663649559,
      "mean": 0.04799411409264849,
      "stdev": 0.013942027838919405,
      "q1": 0.0390644958242774,
      "q3": 0.05788881424814463,
      "iqr": 0.018824318423867226,
      "min": 0.0017135872039943933,
      "max": 0.08459247648715973
    },
    "0.75": {
      "n": 10240,
      "median": 0.07394874468445778,
      "mean": 0.07199862257182303,
      "stdev": 0.020991720924869377,
      "q1": 0.058207571506500244,
      "q3": 0.08706416934728622,
      "iqr": 0.02885659784078598,
      "min": 0.0029674179386347532,
      "max": 0.12501150369644165
    },
    "1.00": {
      "n": 10240,
      "median": 0.09858977794647217,
      "mean": 0.09613117716830857,
      "stdev": 0.027934326196786742,
      "q1": 0.07811883464455605,
      "q3": 0.11609179154038429,
      "iqr": 0.03797295689582825,
      "min": 0.005065474193543196,
      "max": 0.1722879707813263
    }
  },
  "stats_method": "inclusive (Tukey quartiles, numpy-compatible for n>=2)",
  "csv_rows": 51200
}
