{
  "name": "cat7_payload_mass_per_env",
  "category": 7,
  "metric": "payload mass shift",
  "unit": "kg",
  "baseline": "one sample per (episode, env)",
  "config": {
    "n_envs": 16,
    "n_episodes": 30
  },
  "hardware": {
    "cpu": "Apple M4 Pro",
    "arch": "arm64",
    "cpu_count": 14,
    "torch_num_threads": 10,
    "memory_gb": 48.0,
    "os": "Darwin",
    "os_release": "25.4.0",
    "hostname": "PLE-TOLGUENEC-MAC",
    "python_version": "3.11.13",
    "torch_version": "2.10.0",
    "genesis_version": "0.4.0",
    "backend": "cpu",
    "git_sha": "d2f33eab986c9e48b56083ad0b6404ace997cc30",
    "git_dirty": true,
    "date_utc": "2026-04-15T06:53:01+00:00"
  },
  "stats": {
    "env_0": {
      "n": 30,
      "median": 0.24240832030773163,
      "mean": 0.25926969250043236,
      "stdev": 0.14526988323515444,
      "q1": 0.14659034460783005,
      "q3": 0.3572503998875618,
      "iqr": 0.21066005527973175,
      "min": 0.024768680334091187,
      "max": 0.49740320444107056
    },
    "env_1": {
      "n": 30,
      "median": 0.2643740773200989,
      "mean": 0.24308356742064158,
      "stdev": 0.16404464953856965,
      "q1": 0.08683987706899643,
      "q3": 0.36727458983659744,
      "iqr": 0.280434712767601,
      "min": 0.0020629167556762695,
      "max": 0.49117884039878845
    },
    "env_2": {
      "n": 30,
      "median": 0.2914172559976578,
      "mean": 0.2830829322338104,
      "stdev": 0.135089315386144,
      "q1": 0.16028548032045364,
      "q3": 0.3975437134504318,
      "iqr": 0.23725823312997818,
      "min": 0.039194703102111816,
      "max": 0.49383947253227234
    },
    "env_3": {
      "n": 30,
      "median": 0.1962447464466095,
      "mean": 0.20729494392871856,
      "stdev": 0.1341360870004121,
      "q1": 0.11306307464838028,
      "q3": 0.2741660252213478,
      "iqr": 0.16110295057296753,
      "min": 0.0015420317649841309,
      "max": 0.4794730246067047
    },
    "env_4": {
      "n": 30,
      "median": 0.2204454094171524,
      "mean": 0.23400889138380687,
      "stdev": 0.13773751324075392,
      "q1": 0.13116832077503204,
      "q3": 0.35960909724235535,
      "iqr": 0.2284407764673233,
      "min": 0.018533706665039062,
      "max": 0.4723927974700928
    },
    "env_5": {
      "n": 30,
      "median": 0.14536063373088837,
      "mean": 0.18261666496594747,
      "stdev": 0.15171362679451528,
      "q1": 0.06293690204620361,
      "q3": 0.277334488928318,
      "iqr": 0.2143975868821144,
      "min": 0.000760197639465332,
      "max": 0.49284765124320984
    },
    "env_6": {
      "n": 30,
      "median": 0.2403685599565506,
      "mean": 0.25494469702243805,
      "stdev": 0.13252263281763366,
      "q1": 0.1563250795006752,
      "q3": 0.37345466017723083,
      "iqr": 0.21712958067655563,
      "min": 0.00994381308555603,
      "max": 0.4986867606639862
    },
    "env_7": {
      "n": 30,
      "median": 0.24118579924106598,
      "mean": 0.2551182130972544,
      "stdev": 0.14756385486158086,
      "q1": 0.10536401718854904,
      "q3": 0.3833266720175743,
      "iqr": 0.27796265482902527,
      "min": 0.043729960918426514,
      "max": 0.4717981219291687
    },
    "env_8": {
      "n": 30,
      "median": 0.3325863778591156,
      "mean": 0.3112674385309219,
      "stdev": 0.11686115524440027,
      "q1": 0.23114918917417526,
      "q3": 0.3897027224302292,
      "iqr": 0.15855353325605392,
      "min": 0.028052926063537598,
      "max": 0.4999083876609802
    },
    "env_9": {
      "n": 30,
      "median": 0.24412821233272552,
      "mean": 0.23926787078380585,
      "stdev": 0.15235275214601088,
      "q1": 0.12570642679929733,
      "q3": 0.3675171211361885,
      "iqr": 0.24181069433689117,
      "min": 0.012250006198883057,
      "max": 0.4983663260936737
    },
    "env_10": {
      "n": 30,
      "median": 0.18828827142715454,
      "mean": 0.2319566786289215,
      "stdev": 0.146353685258707,
      "q1": 0.12661945819854736,
      "q3": 0.32749558240175247,
      "iqr": 0.2008761242032051,
      "min": 0.01675957441329956,
      "max": 0.4819440543651581
    },
    "env_11": {
      "n": 30,
      "median": 0.242642343044281,
      "mean": 0.2324642946322759,
      "stdev": 0.11984685650038401,
      "q1": 0.14548604935407639,
      "q3": 0.3253869116306305,
      "iqr": 0.1799008622765541,
      "min": 0.0038926899433135986,
      "max": 0.4473086893558502
    },
    "env_12": {
      "n": 30,
      "median": 0.24154619872570038,
      "mean": 0.2526755928993225,
      "stdev": 0.16783548792510256,
      "q1": 0.08834098279476166,
      "q3": 0.4043814092874527,
      "iqr": 0.31604042649269104,
      "min": 0.0006879866123199463,
      "max": 0.48623231053352356
    },
    "env_13": {
      "n": 30,
      "median": 0.273955762386322,
      "mean": 0.25030105710029604,
      "stdev": 0.14126295898430463,
      "q1": 0.1521308347582817,
      "q3": 0.33553938567638397,
      "iqr": 0.18340855091810226,
      "min": 0.0014606714248657227,
      "max": 0.49791717529296875
    },
    "env_14": {
      "n": 30,
      "median": 0.1630244255065918,
      "mean": 0.1777862787246704,
      "stdev": 0.12829860411991026,
      "q1": 0.08293862640857697,
      "q3": 0.24155566096305847,
      "iqr": 0.1586170345544815,
      "min": 0.0028991401195526123,
      "max": 0.46183907985687256
    },
    "env_15": {
      "n": 30,
      "median": 0.19000381231307983,
      "mean": 0.21922556161880494,
      "stdev": 0.15344886160137186,
      "q1": 0.08824653178453445,
      "q3": 0.34308023005723953,
      "iqr": 0.2548336982727051,
      "min": 0.00285947322845459,
      "max": 0.487460196018219
    },
    "all": {
      "n": 480,
      "median": 0.22872920334339142,
      "mean": 0.2396477734670043,
      "stdev": 0.144272631183232,
      "q1": 0.1171020120382309,
      "q3": 0.36277666687965393,
      "iqr": 0.24567465484142303,
      "min": 0.0006879866123199463,
      "max": 0.4999083876609802
    }
  },
  "stats_method": "inclusive (Tukey quartiles, numpy-compatible for n>=2)",
  "csv_rows": 480
}
