{
  "name": "cat8_body_torque_disturbance_ou_trace",
  "category": 8,
  "metric": "wrench magnitude (OU mode)",
  "unit": "N\u00b7m",
  "baseline": "OU starts at 0 and evolves as \u03b8(\u03bc\u2212w)dt + \u03c3\u221adt\u00b7\u03b5",
  "config": {
    "distribution": "ou_process",
    "n_envs": 4,
    "n_steps": 400,
    "dt_s": 0.01,
    "theta": 1.0
  },
  "hardware": {
    "cpu": "Apple M4 Pro",
    "arch": "arm64",
    "cpu_count": 14,
    "torch_num_threads": 10,
    "memory_gb": 48.0,
    "os": "Darwin",
    "os_release": "25.4.0",
    "hostname": "PLE-TOLGUENEC-MAC",
    "python_version": "3.11.13",
    "torch_version": "2.10.0",
    "genesis_version": "0.4.0",
    "backend": "cpu",
    "git_sha": "d2f33eab986c9e48b56083ad0b6404ace997cc30",
    "git_dirty": true,
    "date_utc": "2026-04-15T06:28:41+00:00"
  },
  "stats": {
    "env_0": {
      "n": 400,
      "median": 0.1471688449382782,
      "mean": 0.16900019384920598,
      "stdev": 0.08955622649351164,
      "q1": 0.1060213278979063,
      "q3": 0.2040501832962036,
      "iqr": 0.09802885539829731,
      "min": 0.01965724490582943,
      "max": 0.43726253509521484
    },
    "env_1": {
      "n": 400,
      "median": 0.18324539065361023,
      "mean": 0.19982206649146975,
      "stdev": 0.09245658345416838,
      "q1": 0.12556125223636627,
      "q3": 0.26482726633548737,
      "iqr": 0.1392660140991211,
      "min": 0.026730701327323914,
      "max": 0.4624451696872711
    },
    "env_2": {
      "n": 400,
      "median": 0.2927914261817932,
      "mean": 0.2800500221317634,
      "stdev": 0.12774883861471859,
      "q1": 0.1832187883555889,
      "q3": 0.3767789900302887,
      "iqr": 0.19356020167469978,
      "min": 0.020867567509412766,
      "max": 0.53694087266922
    },
    "env_3": {
      "n": 400,
      "median": 0.2035735696554184,
      "mean": 0.20725657627917826,
      "stdev": 0.07260964059001641,
      "q1": 0.1629539243876934,
      "q3": 0.25917094200849533,
      "iqr": 0.09621701762080193,
      "min": 0.041020579636096954,
      "max": 0.4175194203853607
    },
    "all_envs": {
      "n": 1600,
      "median": 0.19780061393976212,
      "mean": 0.21403221468790434,
      "stdev": 0.1057438980057792,
      "q1": 0.13149995356798172,
      "q3": 0.2851690202951431,
      "iqr": 0.1536690667271614,
      "min": 0.01965724490582943,
      "max": 0.53694087266922
    }
  },
  "stats_method": "inclusive (Tukey quartiles, numpy-compatible for n>=2)",
  "csv_rows": 1600
}
