{
  "name": "cat8_body_force_disturbance_ou_trace",
  "category": 8,
  "metric": "wrench magnitude (OU mode)",
  "unit": "N",
  "baseline": "OU starts at 0 and evolves as \u03b8(\u03bc\u2212w)dt + \u03c3\u221adt\u00b7\u03b5",
  "config": {
    "distribution": "ou_process",
    "n_envs": 4,
    "n_steps": 400,
    "dt_s": 0.01,
    "theta": 1.0
  },
  "hardware": {
    "cpu": "Apple M4 Pro",
    "arch": "arm64",
    "cpu_count": 14,
    "torch_num_threads": 10,
    "memory_gb": 48.0,
    "os": "Darwin",
    "os_release": "25.4.0",
    "hostname": "PLE-TOLGUENEC-MAC",
    "python_version": "3.11.13",
    "torch_version": "2.10.0",
    "genesis_version": "0.4.0",
    "backend": "cpu",
    "git_sha": "d2f33eab986c9e48b56083ad0b6404ace997cc30",
    "git_dirty": true,
    "date_utc": "2026-04-15T06:28:41+00:00"
  },
  "stats": {
    "env_0": {
      "n": 400,
      "median": 1.0081657767295837,
      "mean": 1.1577194331213831,
      "stdev": 0.6134962893463879,
      "q1": 0.7262888252735138,
      "q3": 1.3978262543678284,
      "iqr": 0.6715374290943146,
      "min": 0.13465991616249084,
      "max": 2.995424509048462
    },
    "env_1": {
      "n": 400,
      "median": 1.2224045991897583,
      "mean": 1.3329855652526021,
      "stdev": 0.6167651115708384,
      "q1": 0.8376020789146423,
      "q3": 1.766626626253128,
      "iqr": 0.9290245473384857,
      "min": 0.1783166378736496,
      "max": 3.0849080085754395
    },
    "env_2": {
      "n": 400,
      "median": 1.9785402417182922,
      "mean": 1.8924398800358175,
      "stdev": 0.8632634829538102,
      "q1": 1.2381022274494171,
      "q3": 2.546086609363556,
      "iqr": 1.3079843819141388,
      "min": 0.1410127580165863,
      "max": 3.6283814907073975
    },
    "env_3": {
      "n": 400,
      "median": 1.4051072597503662,
      "mean": 1.4305283884704112,
      "stdev": 0.5011669975220159,
      "q1": 1.1247420907020569,
      "q3": 1.7888523042201996,
      "iqr": 0.6641102135181427,
      "min": 0.2831327021121979,
      "max": 2.8818070888519287
    },
    "all_envs": {
      "n": 1600,
      "median": 1.3521534204483032,
      "mean": 1.4534183167200536,
      "stdev": 0.7150647227178115,
      "q1": 0.8959356248378754,
      "q3": 1.933311939239502,
      "iqr": 1.0373763144016266,
      "min": 0.13465991616249084,
      "max": 3.6283814907073975
    }
  },
  "stats_method": "inclusive (Tukey quartiles, numpy-compatible for n>=2)",
  "csv_rows": 1600
}
