{
  "name": "hero_overhead",
  "category": null,
  "metric": "overhead",
  "unit": "%",
  "baseline": "scene.step() only (no tick/apply) \u2014 all values at n_envs=16",
  "config": {
    "source": "docs/impl/data/*_perf.csv",
    "n_envs_representative": 16,
    "n_perturbations": 69,
    "genesis_backend": "cpu",
    "drone_urdf": "urdf/drones/cf2x.urdf"
  },
  "hardware": {
    "cpu": "Apple M4 Pro",
    "arch": "arm64",
    "cpu_count": 14,
    "torch_num_threads": 10,
    "memory_gb": 48.0,
    "os": "Darwin",
    "os_release": "25.4.0",
    "hostname": "PLE-TOLGUENEC-MAC",
    "python_version": "3.11.13",
    "torch_version": "2.10.0",
    "genesis_version": "0.4.0",
    "backend": "cpu",
    "git_sha": "717b05ae111206d662227aa6cbe94270fedd6dc9",
    "git_dirty": true,
    "date_utc": "2026-04-18T13:43:27+00:00"
  },
  "stats": {
    "all": {
      "n": 69,
      "median": 21.54228622902971,
      "mean": 36.18925179916532,
      "stdev": 35.32462186836579,
      "q1": 5.253071665270484,
      "q3": 69.31459246138755,
      "iqr": 64.06152079611707,
      "min": -0.5998366375515533,
      "max": 125.48203753423499
    },
    "cat1": {
      "n": 15,
      "median": 5.253071665270484,
      "mean": 43.90316658453234,
      "stdev": 47.9740314215135,
      "q1": 3.1121041254114523,
      "q3": 76.19576666553174,
      "iqr": 73.08366254012029,
      "min": 0.4171047859100825,
      "max": 125.48203753423499
    },
    "cat2": {
      "n": 13,
      "median": 14.00701537064672,
      "mean": 37.43959765862696,
      "stdev": 35.351116534084106,
      "q1": 4.4160102433440365,
      "q3": 72.76528567736187,
      "iqr": 68.34927543401784,
      "min": 0.6477462808376732,
      "max": 83.34877982399877
    },
    "cat3": {
      "n": 6,
      "median": 19.81315395634501,
      "mean": 20.318617663834452,
      "stdev": 4.451078390743251,
      "q1": 17.286244226340372,
      "q3": 23.518749769987032,
      "iqr": 6.23250554364666,
      "min": 14.891875980098595,
      "max": 26.19563273267824
    },
    "cat4": {
      "n": 16,
      "median": 19.02932200222289,
      "mean": 18.562792928713236,
      "stdev": 8.639371611454685,
      "q1": 10.761775974946637,
      "q3": 24.936691599015806,
      "iqr": 14.174915624069168,
      "min": 6.9659456247824405,
      "max": 32.84918722255701
    },
    "cat5": {
      "n": 9,
      "median": 81.68042482782167,
      "mean": 80.75071942210246,
      "stdev": 12.991833023145453,
      "q1": 72.17788474200363,
      "q3": 87.22676193964523,
      "iqr": 15.048877197641602,
      "min": 61.06115154370914,
      "max": 106.18114452735855
    },
    "cat6": {
      "n": 5,
      "median": 1.8645375442935659,
      "mean": 4.430142953894509,
      "stdev": 6.568115735480454,
      "q1": 1.4649392171585431,
      "q3": 2.2299995125238254,
      "iqr": 0.7650602953652823,
      "min": 0.47061548349236176,
      "max": 16.120623012004252
    },
    "cat7": {
      "n": 3,
      "median": 0.41164026090591466,
      "mean": 22.152309059954053,
      "stdev": 38.53522645252764,
      "q1": -0.0940981883228193,
      "q3": 33.528381908706855,
      "iqr": 33.62248009702967,
      "min": -0.5998366375515533,
      "max": 66.6451235565078
    },
    "cat8": {
      "n": 2,
      "median": 58.75779811079808,
      "mean": 58.75779811079808,
      "stdev": 1.9165645061031966,
      "q1": 58.08019023137457,
      "q3": 59.43540599022158,
      "iqr": 1.3552157588470095,
      "min": 57.40258235195106,
      "max": 60.113013869645094
    }
  },
  "stats_method": "inclusive (Tukey quartiles, numpy-compatible for n>=2)",
  "csv_rows": 69
}
